context_type,count
Röjningsröse,1105
Härdgrop,478
Skelettgrav,397
"Stensättning, rund",267
Grophus,232
Nedgrävning,227
Kolningsgrop,197
Slaggvarp,195
Odlingslager,193
Hög,180
Stenpackning,153
Kolbotten,141
Brandgrop,140
Avfallsgrop,125
Bengrop,118
Brandgrav,117
Mörkfärgning,108
Brandlager,107
"Stensättning, oregelbunden",105
"Stensättning, rundad",100
Röse,91
Skärvstensflak,81
Urnebrandgrop,80
Odlingsröse,75
Vattenhål,73
Stensträng,72
Blästugn,70
Stolpfundament,69
Gropsystem,64
Grav,63
Sotlager,60
Kollager,60
"Stensättning, rektangulär",60
Skärvstenslager,54
"Stensättning, oval",54
Urnegrop,53
Blockgrav,48
Flatmarksgrav,46
Urnegrav,45
Sotfläck,45
Fyndplats,45
Ässja,44
Terrasskant,43
Vallsektion,38
Tjärdal,38
Blästerugn,37
Slagglager,36
Slagg,35
Husgrund,34
Benlager,33
Skärvstenskoncentration,32
Pålspärr,31
Slaggrop,30
Skärvstenspackning,30
Eldstad,30
"Stensättning, röseliknande",29
Terrass,29
Skärvstenssamling,28
Stensamling,28
Grophärd,27
Tjärgrop,27
Kalkputs,27
Utkastlager,25
Liggmila,25
Stock,24
Stenläggning,23
Kolkoncentration,23
Lertäktsgrop,23
Rest sten,22
Härd/kokgrop,21
Broläggning,21
Fast fiske,21
Odlingsterrass,21
Boplatsgrop,21
Vall,21
Benkoncentration,21
Mosslik,21
Hålväg,20
Avfallslager,20
Skärvstensvall,20
Smidesgrop,19
Lertäkt,19
Hyddbotten,18
Tomtning,18
Röjningshorisont,18
Spisröse,17
"Stensättning, kvadratisk",17
Sotgrop,17
Bålplats,17
Åkerterrass,17
Hydda,17
Komplext stenröse,17
Stör,16
Odlingsyta,16
Skrotstensvarp,16
Resmila,16
Röjningslager,16
Gånggrift,16
Schaktugn,15
Skärvstensgrop,15
Jordugn,15
Våtmarkslager,15
Stenkista,14
Bengömma,14
Täktgrop,14
Hyttbacke,14
Skelettbegravning,14
Risbädd,14
Träkonstruktion,13
Kol- och sotlager,13
Urnebrandgrav,12
Långdös,12
Långhärd,12
Grop/stolphål,12
Gravgömma,12
Blästplats,12
"Stensättning, skeppsformig",12
Källargrop,11
Mittblocksstensättning,11
Skeppssättning,11
Boplatsvall,11
Smideshärd,11
Offergrop,11
Torvlager,11
Syllstock,11
Slaggvarp/ugn,11
Fyndkoncentration,11
Terrassering,10
Hägnad,10
Marklager,10
Treudd,10
Sot/kollager,10
Kökkenmödding,10
Kokstensgrop,10
Gropugn,10
Skeppsvrak,10
Kantränna,10
Stenkammargrav,10
Hägnadsvall,10
Markhorisont,9
Kolmila,9
Offerplats,9
Förvaringsgrop,9
Kokgrop/härd,9
"Grav, omarkerad",9
Kolupplag,9
Bendeposition,9
"Stenkonstruktion, oregelbunden",9
Vägglinje,9
Aktivitetslager,9
Tjärtratt,9
Brukningslager,8
Käpphål,8
Pinnhål,8
Rost,8
"Stensättning, fyrsidig",8
Aktivitetsyta,8
Stenlyft,8
Kolfläck,8
Stenmur,8
Vallgrav,8
Undergrund,8
Kammargrav,8
Kolgrop,8
Eldpall,7
Sekundärgrav,7
Årderspår,7
Smedja,7
Brygga,7
Huslämning,7
Pålrad,7
Stenkonstruktion,7
Djurgrav,7
Slaggförekomst,7
Stenkrets,7
Horndeposition,7
Reduktionsugn,7
Raseringslager,7
Gravhög,6
Kalkugn,6
Ugn?,6
Slaggvall,6
Keramikkoncentration,6
Arbetsgrop,6
Vägg,6
Mittblocksgrav,6
Stlphål,6
Golvplanka,6
Husgrundsterrass,6
Resmila med vall,6
Domarring,6
Rökugn,6
Rustbädd,6
"Stensättning, Skeppsformad",6
Rostanläggning,6
Fägata,6
Gravränna,6
Järnframställningsugn,6
Stalotomt,6
Kupolugn,5
"Stensättning, tresidig",5
Syll,5
Härd?,5
Sotlins,5
Sotfärgning,5
Murliv,5
Sot- och kollager,5
Skärvstensgrav,5
Keramikugn,5
Våtmark,5
Konstruktionslager,5
Timmer,5
Gropanläggning,5
Lerlager,5
Stenfundament,5
Kolstybbslager,5
Tarandgrav,5
Husgrupp 3,5
Keramikdeposition,5
Kavelbro,5
Skeletgrav,5
Tramplager,5
"Kolbotten, resmila",5
Resmila med gropar,5
Fyrgrav,4
Fiskeanläggning,4
"Stensättning, högliknande",4
Färskningsområde,4
Bjälklag,4
Infiltrationslager,4
Klumpstensgrav,4
Brand/skelettgrav,4
Hyttruin,4
Skalkorn,4
Lerhärd,4
Härdpall,4
Långschakt,4
"Stensättning, Rund",4
Smidesplats,4
Omarkerad grav,4
Kolskikt,4
Avfallsgrop/härd,4
Golvläggning,4
Skärvstensförekomst,4
Rostningsgrop,4
Spismur,4
Gärdesgård,4
Lager 5,4
Lösfynd,4
"Skelettgrav, utan överbyggnad",4
Röjningssten,4
Stensträng 3,4
Stensyll,4
Kolansamling,4
Kolningsanläggning,4
"Stensättning, övertorvad",4
Varmluftsugn,4
Fyllnadslager,4
Hyddvall,4
Pålverk,4
Fartygslämning,4
Kollins,4
Utjämningslager,4
Risgärde,4
Skeppsättning,4
Långhög,4
"Hög, rundad",4
Tjärränna,4
Flätgärdesgård,4
Grävenhet,3
Damm,3
Depå,3
Åkervall,3
Syllstensrad,3
Latringrop,3
"Väg, stenlagd",3
Asklager,3
Masugn,3
Stadsvall,3
Borgvall,3
Spant,3
Stubbe,3
Grundmur,3
Stenram,3
Spång,3
Rostbås,3
Lerplatta,3
Stolphål?,3
Brandlager (ej grav),3
Kol- och sotkoncentration,3
Grav/bålplats,3
Palissad,3
Väggkonstruktion,3
Byggnadsdetalj,3
Vägbank,3
"Stensättning, Rundad",3
Skrotstenslager,3
"Flatmarksgrav, rektangulär",3
Bensamling,3
"Hög, rund",3
Gruslager,3
Sot- kolkoncentration,3
Härd/sotfläck,3
Svedjelager,3
Golvyta,3
Anläggning,3
Sot/kolfläck,3
Lintorkningsgrop,3
"Stensättning, triangulär",3
Källare,3
Rostningsanläggning,3
Palissadväg,3
Kolarkoja,3
Syllränna,3
Rostningsplats,3
Kokgropssystem,3
Takkonstruktion,3
Källa,3
Nedgrävning/grav,3
Fiskeverk,3
Tegelgolv,3
Gravhägnad,2
1253,2
Nedgrävning/stolphål,2
"Stensättning, oregelbundet rundad",2
"Brandlager, rest av",2
"Brandgrop, omarkerad",2
Syllstensgrund,2
Kol- och sotfläck,2
Brandflak,2
Parcellavgränsning,2
Grupsystem,2
Lergolv,2
Underliggare,2
"Stenkrets, rund",2
Tegelvägg,2
A623,2
"Röjningsröse, ceremoniellt",2
Körväg,2
Härdgrop/ugn,2
Fyndområde,2
Stenvall,2
Kistträ,2
Ekstock,2
Säddepå,2
Okstock,2
Järnframstlällningsplats,2
Skeppstimmer,2
"Stensätning, rundad",2
Hyttanläggning,2
"Stensättning, rundoval",2
Fyllning,2
Kvartskoncentration,2
Spisfundament,2
Liggmila?,2
Dös,2
"Stensättning, stenkista",2
Matberedningsgrop,2
Gränsdike,2
Ruta,2
Kulthus,2
Färgning,2
Spis,2
Avfallsanläggning,2
Strandmur,2
Räna,2
Stenröjd yta,2
Katsa,2
Siltlager,2
Klockgjutargrop,2
Slaggfundament,2
Byggkonstruktion,2
Drev,2
Härdflak,2
Fasad,2
Fundamentsgrop,2
Kultur/benlager,2
Skärvstenskoncentratioin,2
Hus,2
Dammvall,2
Ploglager,2
"Srtensättning, rund",2
Stolprest,2
Bäckfård,2
Vändrost,2
Vägkant,2
Avfallshög,2
Björk,2
Kista,2
Igenfyllnadslager,2
"Rest sten, domarring",2
"Stensättning, friliggande kantkedja",2
Golvbjälke,2
Provruta,2
"Västergården, Bona 3:1",2
Avfallsdeponi,2
Keramik/kolkoncentration,2
Malmlager,2
"Stensättning, Röseliknande",2
Mörkfärgning/kulturlager,2
Fångstanläggning,2
Småstenspackning,2
Hörd,2
Stolpål,2
Markyta,2
Skelettfynd,2
Vägfyllning,2
Tjärframställningsgrop,2
"Dike, fyllning",2
Brunn?,2
"Stensättning, ofylld",2
Kremeringsplats,2
Avfallsbinge,2
Kolsträng,2
Sot/kolskikt,2
Skärvstenkoncentration,2
Trästör,2
Hus 53,2
Nedgrävning/förvaringsgrop,2
Träkista,2
Bakugn,2
Störning,2
Stenskonstruktion,2
Sättsandslager,2
Björngrav,2
Kåtatomt med jordvall,2
Kåtaplats med jordvall,2
Kåtaplats,2
Täktsystem,2
Benkocentration,2
Arbetsyta,2
Linrötningsgrop,2
Bryggfäste,2
Trossbotten,2
Kolanläggning,2
Varp,2
Fundamentsdike,2
"Stenkonstruktion, komplec",2
Dammanlägning,2
Ankare,2
Gatubeläggning,2
Brandhorisont,2
"Stenröse, komplext",2
"Röjningsröse, kvadratiskt",2
Ugnsfundament,2
Sotkoncentration,2
Golvplank,2
Rotvälta,2
Ränna/stolphål,2
Hassel,2
Mittblockgrav,2
Träplugg från kyrkvind,2
Grop/brunn,2
Röjningsrösen,2
Stensättnig,2
Jordvall,2
A1,2
Rostjord,2
Bäckfåra,2
Härd/brandgrav,2
pkänd,2
Härd/ugn,2
Kvartsbrott,2
Nedgrävning/ässja,2
"Klumpsten, skelettgrav",2
"Klumpsten, brandgrop",2
"Klumpsten, urnebrandgrop",2
Hörnstolpe,2
Plundringsgrop,2
Röjd yta,2
Stenkoncentration,2
Klumpsten,2
Flintgruva,2
Vallanläggning,2
Pålanläggning,2
Kogg,2
Vägyta,2
Gärdsgårdsstör,2
Skeklettgrav,2
"Stensamling, rektangulär",2
Gravbål,2
Grav övrig,2
Sädesförråd,2
Bendepå,2
'Härd,2
Röjningsröse/röjstensvall,2
Källarfrop,1
Slagguppsamlingsgrop,1
Brad/sotlager,1
"Stenkistgrav, rektangulär",1
Flatmarksgrav/skelettgrav,1
okgrop,1
Väglager,1
Avfallslagr,1
Gatulager,1
Rislager,1
Naturligt sediment,1
Varggrop,1
Pilbåge,1
"Lager, sättsand",1
Stolphåål,1
"Stesättning, oregelbunden",1
Gravgrop,1
Fynddepå,1
Kokgrpop,1
Lerugn,1
Ränna/dike,1
Stenlager,1
Spismusrsröse,1
Ugnsbotten,1
Källarmur,1
Kåtatomt,1
Kolningsränna,1
Materialtäkt,1
Stolpyhål,1
Räääänna,1
Ojkänd,1
Fynsplats,1
Stolphå,1
Knadderstensyta,1
Kulturager,1
Kluturlager,1
Atörhål,1
Kar,1
Störning (ej anläggning),1
Härd/ässja,1
Stenpackning/ugn,1
Härd/Ränna,1
Spetsad käpp,1
"Skärvstenslager, Spetsad käpp",1
"Lager, Huggspån",1
"Lager, Hornyxa",1
Naturformation,1
Storhög,1
Spisfundamnet,1
Bägbeläggning,1
Tolvlager,1
Barksjok,1
Härd/Bålplats,1
Drivved,1
Terrasserinng,1
Grävemhet,1
Ugn/grop,1
Kvartsansamling,1
Åkeravgränsning,1
Nedgrävning/dike,1
Låhtemperaturugn,1
Planka,1
Gropmila,1
Röjningslager?,1
Eldstad under röse,1
Naturbildning?,1
Koncentration av bränd lera,1
Gärdsgård,1
Stötta i portal,1
Bottenstock,1
Stensättning?,1
Grophård,1
Jordbegravning,1
Golvlagegr,1
Fyndplats (Spadformigt ämnesjärn)),1
Fyndplats (järnklump),1
Brandleger,1
Tunna,1
Del av byggnadsställning,1
Hästgrav,1
Brand- och slelettbegravning,1
Needgrävning,1
Hantverksgrop,1
Hätd/kokgrop,1
Bålplats/sekundärgrav,1
Stenflak,1
Brandlager/bålplats,1
Husränna,1
Stenkonstruktuktion,1
Rostgrop,1
"Stensättning, närmast fyrsidig",1
"Stensättning, rund med mittblock",1
Stenmur/terrass,1
Kojgrund,1
Bordstake,1
"Stensättning, oregelbundet rund",1
Stpöåhål,1
Grop med rödockra,1
Gjutgrop,1
Kluva,1
Jordkällare,1
Trumstock,1
Pipmur,1
Stensträng/hålväg,1
Stolpgål,1
/Stolphål,1
Dumpgrop,1
Stenskista,1
Stensättning med gravklot,1
Fartygstimmer,1
Bäckfåra?,1
Hartstätning,1
Skida,1
Atolphål,1
Tjärtunna,1
Kultur/brandlager,1
Grop/keramikugn?,1
Vattenhål/brunn,1
Stenrad,1
Sidoblocksgrav,1
Försvarsanläggning,1
Bål/kremeringsplats,1
Verkstadsgrop,1
Härtd,1
Flintdeposition,1
"Stensättning, oregelbundet tresidig",1
Kolningsgropen,1
Gropsysten,1
Kol/malmupplag,1
Bro/brygga,1
Grav med täcksten,1
Hantverksområde,1
Härdgrop/stolphål,1
Härdbotten,1
Kolbod,1
Nordligaste stocken,1
Sydligaste stocken,1
Västra stocken,1
Byggnadskonstruktion,1
Korg,1
Spetsad stör,1
Krönröse,1
Brandgrv,1
Farledsspärr,1
Deponering,1
Grop/Ugn,1
Hytta,1
Tjärdal/tjärränna,1
Bränd sand och träkol,1
Skärvstenspackning/härd,1
Keramikkoncentrationa,1
"Stenkonstruktion, fyrkantig",1
"Stenkonstruktion, rund",1
Avfalls/skärvstenslager,1
Atenläggning,1
Eldplats,1
Mörkförgning,1
Lerplatta/ugn,1
Väggrest,1
Järnframställinngsugn,1
Gtop,1
Såg/kvarn,1
Bogårdsmur,1
Båtskrov,1
Kalkgolv,1
"Skelettgrav, omarkerad",1
Dikesbotten,1
Lager på stig,1
Stenlagd väg,1
Dikeskant,1
"Stensättning, rundad rektangulär",1
"Stensättning, rung",1
"Stensättning, oregelbundet rektangulär",1
"Stensättning, halvmånformad",1
Stensamling/blockgrav,1
Träram,1
Dragstör,1
Svämlager,1
Kolbädd,1
Vägbädd,1
Gårdslager,1
Kakllrost?,1
Trästock,1
Träskoning,1
Hyttstuga,1
Hjulgrav,1
Vattenränna,1
Kolhus,1
Del av timmerbyggnad,1
Lager 4,1
Teggräns,1
Järnbearbetningsplats,1
Centralgrav,1
Täckdike,1
"Hög, kammargrav",1
"Blockgrav, oval",1
"Rest sten, friliggande kantkedja",1
Stensträmg,1
Transgressionslager,1
Blockkonstruktion/stensättning,1
Stenkonstruktion/grav,1
Braldgrav,1
Urgnegrav,1
Sotlager/kollager,1
Stybblager,1
"Stensättning, sekundärgrav",1
"Stensättning, sekundär",1
"Stensnättning, oregelbunden",1
Referensenhet,1
Kulturlager/ränna,1
Offerdepå,1
Odlngslager,1
Flstmarksgrav,1
"Stensättning, rektagulär",1
Kokgrop/Härd,1
"Stensättniing, rundad",1
"Dike, Fyllning",1
Dubbelgrav,1
Tunnband,1
Smideslämning,1
Träkäpp,1
Oslingslager,1
Rööjningsröse,1
Lolgrop,1
"Stensättning, jordblandad",1
Kremeringplats,1
"Grop, Offerfynd)",1
"Stensättning, rond",1
Tresidig stensättning,1
Röjningseld,1
Barngrav,1
Svedjeskikt,1
Rostbädd,1
Vävstolsgrop,1
Sprängstensgrop,1
Stensättningsliknande lämning,1
Stolplhål,1
Fönsterkarm,1
Sothorisont,1
Knadderstenslager,1
Sandlager,1
Grundsula,1
"Stensättning, halvcireklformad",1
"Stensättning, skeppformig",1
Hydda 5,1
Kokstensupplag,1
Skärvstenskrets,1
Sot/kollins,1
Pålningsanläggning,1
Smidesugn,1
Svämmlager,1
Skeppsdetalj,1
Grop/härd,1
Träföremål,1
Påle i vallgrav,1
"Stensättning, fyrudd",1
Fyrudd,1
Kvartsgömma,1
Kolbotten/stybbotten,1
Yxskaft,1
Nedgrävnong,1
Avallsgrop,1
Nedgrävning/ugn,1
Nedgrävning/avfallsgrop,1
Ej bestämbar,1
Stockkista,1
Sotkomcentration,1
Kol/bengrop,1
Spisröse eller ugn,1
Klockgjuteri,1
Klockgjutningsgrop,1
Bronsgjutningsgrop,1
Trappa,1
Kalkbruksgolv,1
Branfgrav,1
12338,1
"Vagnsdel, Skakel",1
Lager med bränd lera,1
Kokgrop?,1
Malmrost,1
Köttgrop,1
Grop/rökugn,1
Stenstruktur,1
Grav?,1
"Stensättning, avlång",1
Träglv,1
Sättsand,1
Flätverk (vägg),1
Förråds/förvaringsgrop,1
Kistbegravning,1
Kol/sotlager,1
Torvlins,1
Ränna/diike,1
Smidesanläggning,1
"Stensättning, kvaderatsk",1
"Stensättning, dubbel",1
"Stensättning, närmast oval",1
Lager med förslaggad lera,1
Keramikbränningsgrop,1
"Stenring, oval",1
Eldhus,1
Rödockralager,1
Groop,1
Stensättning invid block,1
Grop/grav,1
Kulurlager,1
Grop/Brunn,1
Träsyll,1
Gro0p,1
Källargrund,1
Hamnläge,1
Påle 4,1
Lager 3,1
Hörg,1
Bottensediment,1
Braqndgrop,1
Stenhus,1
Slaggrop/Ugn,1
Flätverk,1
Fyllningslager,1
Skrädhög,1
Malmhög,1
Kol/golvlager,1
"Stensättning, rund/oval",1
Under eldpall,1
Ässja/smidesgrop,1
Rostlave,1
Mosse,1
Gavelränna,1
Skärvstanshög,1
Trädrot,1
Sot- kolfläck,1
Kokkoncentration,1
Härd/Urnegrav,1
Föremål,1
Stoolphål/sotfläck,1
"Lager, Dös 5",1
"Lager, Dös 1",1
"Golvlager, Dös 12",1
Lågtemperaturugn,1
Stemkrets,1
Bottenlager,1
Tomtgränsdike,1
Område med brända ben,1
Träflislager,1
Staket,1
Flärverkskorg,1
Kalkbrukskar,1
Ramverk,1
Flätverkskorg,1
stolphål,1
Komplest stenröse,1
"Röjningsröse, komplext",1
Räjningsröse,1
Komplext stensröe,1
Pinne,1
Tömningsgrop,1
Fällslagglager,1
Ugnsgrop,1
Kistgrav,1
Bärkista,1
Stolpkonstruktion,1
Kistkonstruktion,1
Husparti,1
Fornborgsmur,1
Ugn/utkast,1
Ugn/golvlager,1
Tramphorisont,1
"Brandgrav, omarkerad",1
Skrotstenshög,1
Ränna/störhål,1
Ansamling av tra,1
"Stensättnings, ocal",1
Hundgrav,1
"Lager, fyndförande",1
hög,1
Härd 7429,1
Skärvstensförkomst,1
Slagggrop,1
Sedjelager,1
Svedkelager,1
"Tomtning, rekangulär",1
Mitblocksgrav,1
Kokgropssysten,1
Omarkerad stenkrets,1
Stenring,1
Spismursröse,1
Provgrop,1
"Liggmila, plattform",1
Malmrostningsplats,1
Slaggkanal,1
Stockar,1
Hushörn,1
Syllunderlag,1
Strandlinje,1
Markbrand,1
Matkbrad,1
"Stensättning, närmast tresidig",1
Mörkfärgning/stolphål,1
"Stensättning, sjuhörnad",1
Takstol,1
Putsgolv,1
Spåntak,1
Odlinslager,1
Källare/grundmur,1
Irnegrav,1
Gränsröse,1
Sot- och kollins,1
Golvregel,1
Skärvstansflak,1
Gropavall,1
Åkerhak,1
Brandgrab,1
242,1
Slagguppsamlingplats,1
Bordplanka,1
Kulturlagergrop,1
Stensättning med brätte,1
12404,1
Malmupplag,1
Offerkärr,1
Bålplats?,1
Hyddränna,1
Putsvägg,1
Grop/ränna,1
Kalktäktsgrop,1
Svämsediment,1
Beredningsgrop,1
Svedja,1
Brandgrop/härd,1
Härd/brandgrop,1
Kulturlager/härd,1
Fasadgrop,1
Åkeryta,1
Stör i Katsa,1
Ej anläggning,1
Båtlämning,1
Annan anläggning,1
Åkerparcell,1
Förvaringslår,1
"Markyta, väg",1
Skalhorisont,1
Svallsand,1
Flintkoncentration,1
Brandskikt,1
Gravrest,1
Härd/avfallsgrop,1
Fossil åker,1
Lager/stolphål,1
Härd/Kokgrop,1
"Klumpsten, bensamling",1
"Röse, jordblandat",1
Hyddgolv,1
Järnugn,1
Skeppsdetalj/Drev,1
Träprov,1
Härd/masugn,1
Flätverksvägg,1
Grop/hydda,1
Konstruktion,1
Stenpackning/skelettgrav,1
Lager (störningI,1
Gravfyllning,1
Grop med slipstenar,1
Stenrösem komplext,1
"Dös, stenlyft",1
Dös/stenlyft,1
"Hög, oval",1
Kista med brända ben,1
Skärvstens,1
Kulturlagerrest,1
"Stensättning, Oval",1
"Stensättning, rest sten",1
Härdgrop/Kokgrop,1
Ugn/Ässja,1
Slagg/malmlager,1
"Stensättning, Oregelbunden",1
brandlager,1
Unrebrandgrgav,1
Vägbeläggning,1
Brandrester,1
Kastalruin,1
Sockendike,1
Ränna. Cirkulär,1
"Ränna, cirkulär",1
Fyrkanal,1
Lergrop,1
Reduceringsanläggning,1
"Stensättningsliknande anläggning, tresidig",1
Under sockelstenar,1
Huggkubbe,1
Östra golvgropen,1
Härdplatta,1
Smidesässja,1
Kalkflislager,1
Värmegrop,1
Kalkstenslager,1
Bearbetat trä,1
Stenbräm,1
Härd/Ugn,1
Halvkällare,1
Kolbox,1
Boplatslämning övrig,1
Tegdike,1
Eldgrop,1
Stenfylld nedgrävning,1
Utfylnadslager,1
Garverikar,1
Kkavelbro,1
Frödepå,1
Gjuterihärd,1
Gjuterigrop,1
Eldningslager,1
Stolphåö,1
Eldningsfrop,1
Stolpmärke,1
Avsättningslager,1
Bärlager,1
Uutfyllnadslager,1
Syllstenshus,1
Kol-/sothorisont,1
Båtgrav,1
Dräneringspackning,1
Stolpfärgning,1
Stensatt markyta,1
Brya,1
"Fyllning, golvstenar",1
Ränna/Dike,1
Brandfläck,1
Skepssättning,1
Bordläggning,1
Grophau,1
Båtstöd,1
Kokgrop/ugn,1
Rostrningsgrop,1
