manual_species,count,contributing_species_split,species_split_english,not_a_species_but_a,resolved_order,resolved_family,resolved_genus,resolved_species,resolved_scientific_name,common_name_text,common_name_language,manually_resolved,needs_manual_review,review_reason,match_level,sead_common_name,sead_species_name,kingdom,gbif_usage_key,gbif_canonical_name,gbif_rank,gbif_match_type,gbif_confidence,gbif_url,latin_text,ambiguous_genus_candidates,gbif_source,gbif_genus,gbif_family,gbif_order,gbif_kingdom,gbif_candidate,taxonomy_changes_needed
al,6281,"al, albark, alknopp, alkottar, alkotte",,,Fagales,Betulaceae,Alnus,sp.,,al,2.0,TRUE,True,"no GBIF or SEAD match at any rank; ambiguous genus suffix match, candidates: Alnus, Lathyrus","genus (suffix, ambiguous)",,,,,,,,,,al,"Alnus, Lathyrus",,,,,,,new Swedish common name 'al'
tall,3046,"kottefjäll tall, kottefjäll. tall, tall, tallbark, tallbarr, tallkotte, tallkottefjäll, talll",Baltic pine,,Pinales,Pinaceae,Pinus,sylvestris var sylvestris,Pinus sylvestris var sylvestris,tall,2.0,,False,,species (common name),tall,Pinus sylvestris var sylvestris,Plantae,7230693.0,Pinus sylvestris sylvestris,VARIETY,EXACT,100.0,https://www.gbif.org/species/7230693,tall,,carried-over (species_split_taxa_gbif_matches.csv),Pinus,Pinaceae,Pinales,Plantae,Pinus sylvestris var sylvestris,
korn,2231,"korn, kornhalm, skalkorn",,,Poales,Poaceae,Hordeum,vulgare,,korn,2.0,TRUE,True,"no GBIF or SEAD match at any rank; ambiguous genus suffix match, candidates: Impatiens, Hordelymus, Hordeum","genus (suffix, ambiguous)",,,,,,,,,,korn,"Impatiens, Hordelymus, Hordeum",,,,,,,new Swedish common name 'korn'
björk,2083,"bjrök, björk, björk bulk, björkl, björknäver",Birch,,Fagales,Betulaceae,Betula,sp.,Betula sp.,björk,2.0,,False,,genus (suffix-inferred),,,Plantae,2875008.0,Betula,GENUS,HIGHERRANK,95.0,https://www.gbif.org/species/2875008,björk,,carried-over (species_split_taxa_gbif_matches.csv),Betula,Betulaceae,Fagales,Plantae,Betula,new Swedish common name 'björk'
ek,1809,"ek, ek bulk, ekbark, ekl, ekollon",Common Oak,,Fagales,Fagaceae,Quercus,robur,Quercus robur,ek,2.0,,False,,species (common name),ek,Quercus robur,Plantae,2878688.0,Quercus robur,SPECIES,EXACT,99.0,https://www.gbif.org/species/2878688,ek,,carried-over (species_split_taxa_gbif_matches.csv),Quercus,Fagaceae,Fagales,Plantae,Quercus robur,"new taxon 'Quercus robur' (author_id NULL) (existing match is author-attributed, so a fresh one was needed); new Swedish common name 'ek'"
ko,1767,"kalv, ko",Aurochs,,Artiodactyla,Bovidae,Bos,taurus,Bos taurus,ko,2.0,,False,,animal (common name),ko,Bos taurus,Animalia,2441022.0,Bos taurus,SPECIES,EXACT,100.0,https://www.gbif.org/species/2441022,ko,,carried-over (species_split_taxa_gbif_matches.csv),Bos,Bovidae,Artiodactyla,Animalia,Bos taurus,new order 'Artiodactyla'; new family 'Bovidae'; new genus 'Bos'; new taxon 'Bos taurus' (author_id NULL); new Swedish common name 'ko'
hassel,1712,"hasel, hassel, hasselnöt, hasselskal, obränd hasselnöt",Barcelona-nuts,,Fagales,Corylaceae,Corylus,avellana,Corylus avellana,hassel,2.0,,False,,species (common name),hassel,Corylus avellana,Plantae,2875979.0,Corylus avellana,SPECIES,EXACT,99.0,https://www.gbif.org/species/2875979,hassel,,carried-over (species_split_taxa_gbif_matches.csv),Corylus,Betulaceae,Fagales,Plantae,Corylus avellana,"new taxon 'Corylus avellana' (author_id NULL) (existing match is author-attributed, so a fresh one was needed); new Swedish common name 'hassel'"
gran,1258,"enmöjl gran, förkolnade granbarr, gran, granbar, granbark, granbarr, grankvist, kottefjäll gran",,,Pinales,Pinaceae,Picea,abies ssp abies,Picea abies ssp abies,gran,2.0,,False,,species (common name),gran,Picea abies ssp abies,Plantae,7306267.0,Picea abies abies,SUBSPECIES,EXACT,100.0,https://www.gbif.org/species/7306267,gran,,carried-over (species_split_taxa_gbif_matches.csv),Picea,Pinaceae,Pinales,Plantae,Picea abies ssp abies,
ran,1183,ran,,,Pinales,Pinaceae,Picea,abies ssp abies,Picea abies ssp abies,gran,2.0,TRUE,True,"no GBIF or SEAD match at any rank; ambiguous genus suffix match, candidates: Abies, Picea, Pseudotsuga, Taxus","genus (suffix, ambiguous)",,,,,,,,,,ran,"Abies, Picea, Pseudotsuga, Taxus",,,,,,,
människa,1173,"männinska, människa, männska",Human,,Primates,Hominidae,Homo,sapiens,Homo sapiens,människa,2.0,,False,,animal (common name),människa,Homo sapiens,Animalia,2436436.0,Homo sapiens,SPECIES,EXACT,100.0,https://www.gbif.org/species/2436436,människa,,carried-over (species_split_taxa_gbif_matches.csv),Homo,Hominidae,Primates,Animalia,Homo sapiens,new taxon 'Homo sapiens' (author_id NULL); new Swedish common name 'människa'
cf salix sp,936,"cf salix sp, salix, salix sp",Sallow,,Salicales,Salicaceae,Salix,sp.,Salix sp.,Sallow,1.0,,False,,genus (latin),,,Plantae,3039576.0,Salix,GENUS,EXACT,95.0,https://www.gbif.org/species/3039576,salix,,carried-over (species_split_taxa_gbif_matches.csv),Salix,Salicaceae,Malpighiales,Plantae,Salix,new English common name 'Sallow'
cerealia,844,"ceerealia indet, ceralia, cerealia, cerealia frag, cerealia idet, cerealia indet, cerealia sp, cerealis indet, cerelia indet, cereralia, cf cerealia, crerealia indet, halm, halmstrå, sädeskorn",Plants,,Cerealia,Cerealia,Cerealia,indet.,Cerealia indet.,Plants,1.0,,False,,genus (latin),,,Plantae,6.0,Plantae,KINGDOM,HIGHERRANK,99.0,https://www.gbif.org/species/6,cerealia,,carried-over (species_split_taxa_gbif_matches.csv),,,,Plantae,Cerealia,new English common name 'Plants'
plant indet?,804,"baljfragment, ev. harts, frökapsel, fröskal, förkolnad ört, förkolnade rottrådar, gräs, grässtrå, grässtrån, gröt, harts, harts eller träkol, lid, löbträd, lövträ, lövträd, pollen, rhizom, rot, rotfilt, rotfilt örtstam, rotfragment, rotknöl, rottråd, rottrådar, rotttrådar, samt träkol, starr nöt, strå och örtfragment, träkol, växtdelar ört, ört, örtdelar, örtfragment, örtstam, örtstam och rot, örtstjälk, örtstjälkar",,,Indet.,Indet.,Indet.,indet.,,,,PENDING,True,no GBIF or SEAD match at any rank; marked uncertain ('?') in the manual mapping,,,,,,,,,,,plant,,,,,,,,"New everything ""Indet."""
indet?,610,"förkolnad, förkolnade, indet, kotefjjäl, kottefjäll, kvist, kvistspetsar, obestämt, obränd, oförkolnat material, oid, oid., okänt ursprung, organisk massa, ospec, ospec., smidesloppor, snöre, sot i keramik, sotig jord, stamdelar ört, stjälkar förkolnad, strå, strån, terrest, textil, textilfragment, torne, tågvirke",,,Indet.,Indet.,Indet.,indet.,,,,PENDING,True,no GBIF or SEAD match at any rank; marked uncertain ('?') in the manual mapping,,,,,,,,,,,indet,,,,,,,,
däggdjur?,551,"däggdjur, däggfjur, hovdjur, hår, litet däggdjur, nörkreatur, nöt, nötboskap, nötfiber, nöthår, nötkreatur, nötkrestur, stor gräsätare, större däggdjur, tagel, ötkreatur",Aurochs,pseduospecies,Indet.,Indet.,Indet.,indet.,,,,PENDING,True,marked uncertain ('?') in the manual mapping,animal (common name),nörkreatur,Bos taurus,Animalia,2441022.0,Bos taurus,SPECIES,EXACT,100.0,https://www.gbif.org/species/2441022,däggdjur,,carried-over (species_split_taxa_gbif_matches.csv),Bos,Bovidae,Artiodactyla,Animalia,Bos taurus,
ask,374,"ask, askl",Ash,,Lamiales,Oleaceae,Fraxinus,excelsior,Fraxinus excelsior,ask,2.0,,False,,species (common name),ask,Fraxinus excelsior,Plantae,3172358.0,Fraxinus excelsior,SPECIES,EXACT,99.0,https://www.gbif.org/species/3172358,ask,,carried-over (species_split_taxa_gbif_matches.csv),Fraxinus,Oleaceae,Lamiales,Plantae,Fraxinus excelsior,"new taxon 'Fraxinus excelsior' (author_id NULL) (existing match is author-attributed, so a fresh one was needed); new Swedish common name 'ask'"
en,349,"en, enbark, enbär, enfrön, enkorn, enmöjl gran",Common Juniper,,Pinales,Cupressaceae,Juniperus,communis ssp communis,Juniperus communis ssp communis,en,2.0,,False,,species (common name),en,Juniperus communis ssp communis,Plantae,6319348.0,Juniperus communis communis,SUBSPECIES,EXACT,100.0,https://www.gbif.org/species/6319348,en,,carried-over (species_split_taxa_gbif_matches.csv),Juniperus,Cupressaceae,Pinales,Plantae,Juniperus communis ssp communis,
matskorpa?,325,"matskopa, matskorpa, matskorpa (ins), matskorpa (sol)",,,Indet.,Indet.,Indet.,indet.,,,,PENDING,True,no GBIF or SEAD match at any rank; marked uncertain ('?') in the manual mapping,,,,,,,,,,,matskorpa,,,,,,,,
asp,320,asp,Aspen,,Salicales,Salicaceae,Populus,tremula,Populus tremula,asp,2.0,,False,,species (common name),asp,Populus tremula,Plantae,3040249.0,Populus tremula,SPECIES,EXACT,100.0,https://www.gbif.org/species/3040249,asp,,carried-over (species_split_taxa_gbif_matches.csv),Populus,Salicaceae,Malpighiales,Plantae,Populus tremula,"new taxon 'Populus tremula' (author_id NULL) (existing match is author-attributed, so a fresh one was needed); new Swedish common name 'asp'"
emmervete,278,"emme, emmer, emmervete, spelt- emmervete",Rivet Wheat,,Poales,Poaceae,Triticum,turgidum,Triticum turgidum,emmervete,2.0,,False,,species (common name),emmervete,Triticum turgidum,Plantae,2706406.0,Triticum turgidum,SPECIES,EXACT,99.0,https://www.gbif.org/species/2706406,emmervete,,carried-over (species_split_taxa_gbif_matches.csv),Triticum,Poaceae,Poales,Plantae,Triticum turgidum,"new taxon 'Triticum turgidum' (author_id NULL) (existing match is author-attributed, so a fresh one was needed); new Swedish common name 'emmervete'"
vete,271,"skalvete, vete",Bread Wheat,,Poales,Poaceae,Triticum,aestivum,Triticum aestivum,vete,2.0,,False,,species (common name),vete,Triticum aestivum,Plantae,7795888.0,Triticum aestivum,SPECIES,EXACT,99.0,https://www.gbif.org/species/7795888,vete,,carried-over (species_split_taxa_gbif_matches.csv),Triticum,Poaceae,Poales,Plantae,Triticum aestivum,"new taxon 'Triticum aestivum' (author_id NULL) (existing match is author-attributed, so a fresh one was needed); new Swedish common name 'vete'"
lin,239,"lin, linfiber, linfrö",Common Flax,,Malpighiales,Linaceae,Linum,usitatissimum,Linum usitatissimum,lin,2.0,,False,,species (common name),lin,Linum usitatissimum,Plantae,2873861.0,Linum usitatissimum,SPECIES,EXACT,99.0,https://www.gbif.org/species/2873861,lin,,carried-over (species_split_taxa_gbif_matches.csv),Linum,Linaceae,Malpighiales,Plantae,Linum usitatissimum,"new taxon 'Linum usitatissimum' (author_id NULL) (existing match is author-attributed, so a fresh one was needed); new Swedish common name 'lin'"
trä?,220,"bark, barr, barrträd, basstamdelar, knopp",,pseduospecies,Indet.,Indet.,Indet.,indet.,,,,PENDING,True,no GBIF or SEAD match at any rank; marked uncertain ('?') in the manual mapping,,,,,,,,,,,trä,,,,,,,,
lind,220,"lind, lindbark, lindbast",Linden,,Malvales,Tiliaceae,Tilia,cordata,Tilia cordata,lind,2.0,,False,,species (common name),lind,Tilia cordata,Plantae,3152047.0,Tilia cordata,SPECIES,EXACT,99.0,https://www.gbif.org/species/3152047,lind,,carried-over (species_split_taxa_gbif_matches.csv),Tilia,Malvaceae,Malvales,Plantae,Tilia cordata,"new taxon 'Tilia cordata' (author_id NULL) (existing match is author-attributed, so a fresh one was needed); new Swedish common name 'lind'"
speltvete,186,"spel, spelt, spelt- emmervete",Spelt,,Poales,Poaceae,Triticum,spelta,Triticum spelta,speltvete,2.0,,False,,species (common name),speltvete,Triticum spelta,Plantae,2706402.0,Triticum spelta,SPECIES,EXACT,100.0,,speltvete,,species/match,Triticum,Poaceae,Poales,Plantae,Triticum spelta,new Swedish common name 'speltvete'
maloideae,179,"maloidea, maloideae, maloidear",,,Rosales,Rosaceae,Rosaceae Indet,Indet,,,,TRUE,True,no GBIF or SEAD match at any rank,,,,,,,,,,,maloideae,,,,,,,,new genus 'Rosaceae Indet' with family_id 154; new species 'Indet' attached to new genius
lönn,175,lönn,Norway Maple,,Alismatales,Acoraceae,Acer,platanoides,Acer platanoides,lönn,2.0,,False,,species (common name),lönn,Acer platanoides,Plantae,3189846.0,Acer platanoides,SPECIES,EXACT,100.0,https://www.gbif.org/species/3189846,lönn,,carried-over (species_split_taxa_gbif_matches.csv),Acer,Sapindaceae,Sapindales,Plantae,Acer platanoides,"new taxon 'Acer platanoides' (author_id NULL) (existing match is author-attributed, so a fresh one was needed); new Swedish common name 'lönn'"
naket?,161,"najet korn, naket, naket kor, naket korn",,description,Indet.,Indet.,Indet.,indet.,,,,PENDING,True,no GBIF or SEAD match at any rank; marked uncertain ('?') in the manual mapping,,,,,,,,,,,naket,,,,,,,,
bröd?,106,bröd,,description,Indet.,Indet.,Indet.,indet.,,,,PENDING,True,no GBIF or SEAD match at any rank; marked uncertain ('?') in the manual mapping,,,,,,,,,,,bröd,,,,,,,,
pomoideae,103,"pomoidea, pomoideae",,,Indet.,Indet.,Indet.,indet.,,,,PENDING,True,no GBIF or SEAD match at any rank,,,,,,,,,,,pomoideae,,,,,,,,
råg,98,råg,Cereal Rye,,Poales,Poaceae,Secale,cereale,Secale cereale,råg,2.0,,False,,species (common name),råg,Secale cereale,Plantae,2705966.0,Secale cereale,SPECIES,EXACT,99.0,https://www.gbif.org/species/2705966,råg,,carried-over (species_split_taxa_gbif_matches.csv),Secale,Poaceae,Poales,Plantae,Secale cereale,"new taxon 'Secale cereale' (author_id NULL) (existing match is author-attributed, so a fresh one was needed); new Swedish common name 'råg'"
häst,96,"häst, hästböna, hästsko, hästspillning, hästtand",Alberta Mountain Horse,,Perissodactyla,Equidae,Equus,caballus,Equus caballus,häst,2.0,,False,,animal (common name),häst,Equus caballus,Animalia,2440886.0,Equus caballus,SPECIES,EXACT,100.0,https://www.gbif.org/species/2440886,häst,,carried-over (species_split_taxa_gbif_matches.csv),Equus,Equidae,Perissodactyla,Animalia,Equus caballus,new order 'Perissodactyla'; new family 'Equidae'; new genus 'Equus'; new taxon 'Equus caballus' (author_id NULL); new Swedish common name 'häst'
bok,81,bok,Beech,,Fagales,Fagaceae,Fagus,sylvatica,Fagus sylvatica,bok,2.0,,False,,species (common name),bok,Fagus sylvatica,Plantae,2882316.0,Fagus sylvatica,SPECIES,EXACT,100.0,https://www.gbif.org/species/2882316,bok,,carried-over (species_split_taxa_gbif_matches.csv),Fagus,Fagaceae,Fagales,Plantae,Fagus sylvatica,"new taxon 'Fagus sylvatica' (author_id NULL) (existing match is author-attributed, so a fresh one was needed); new Swedish common name 'bok'"
svin,73,"get alt. svin, svin, svinbete, tamsvin",Domestic Pig,,Artiodactyla,Suidae,Sus,scrofa domesticus,Sus scrofa domesticus,svin,2.0,,False,,animal (common name),svin,Sus scrofa domesticus,Animalia,11374585.0,Sus scrofa domesticus,SUBSPECIES,EXACT,99.0,https://www.gbif.org/species/11374585,svin,,carried-over (species_split_taxa_gbif_matches.csv),Sus,Suidae,Artiodactyla,Animalia,Sus scrofa domesticus,new order 'Artiodactyla'; new family 'Suidae'; new genus 'Sus'; new taxon 'Sus scrofa domesticus' (author_id NULL); new Swedish common name 'svin'
alm,72,alm,,,Rosales,Ulmaceae,Ulmus,sp.,,alm,2.0,TRUE,True,"no GBIF or SEAD match at any rank; ambiguous genus suffix match, candidates: Cocos, Phoenix, Ulmus","genus (suffix, ambiguous)",,,,,,,,,,alm,"Cocos, Phoenix, Ulmus",,,,,,,new Swedish common name 'alm'
nävesläktet?,68,näver,Cranebills,,Geraniales,Geraniaceae,Geranium,indet.,Geranium indet.,nävesläktet,2.0,PENDING,True,weak GBIF match (VERNACULAR); marked uncertain ('?') in the manual mapping,gbif only (no prior SEAD anchor),,,Plantae,304058091.0,Geranium,GENUS,VERNACULAR,,,nävesläktet,,species/search (vernacular),Geranium,Geraniaceae,Geraniales,Plantae,,new taxon 'Geranium indet.' (author_id NULL); new Swedish common name 'nävesläktet'
säl,60,säl,Crawling Seals,,Carnivora,Phocidae,Phocidae indet,indet.,Phocidae indet indet.,säl,2.0,,False,,animal (family),säl,,Animalia,5310.0,Phocidae,FAMILY,EXACT,96.0,https://www.gbif.org/species/5310,säl,,carried-over (species_split_taxa_gbif_matches.csv),,Phocidae,Carnivora,Animalia,Phocidae,new order 'Carnivora'; new family 'Phocidae'; new genus 'Phocidae indet'; new taxon 'Phocidae indet indet.' (author_id NULL); new Swedish common name 'säl'
kubbvete,59,"bröd- kubbvete, kubbvete",,,Poales,Poaceae,Triticum,aestivum/compactum,Triticum aestivum/compactum,kubbvete,2.0,TRUE,True,weak GBIF match (VERNACULAR),gbif only (no prior SEAD anchor),,,Plantae,160025822.0,Triticum compactum,SPECIES,VERNACULAR,,,kubbvete,,species/search (vernacular),Triticum,Poaceae,Poales,Plantae,,new Swedish common name 'kubbvete'
får,59,"får, fårtand",Domestic Sheep,,Artiodactyla,Bovidae,Ovis,aries,Ovis aries,får,2.0,,False,,animal (common name),får,Ovis aries,Animalia,2441110.0,Ovis aries,SPECIES,EXACT,99.0,https://www.gbif.org/species/2441110,får,,carried-over (species_split_taxa_gbif_matches.csv),Ovis,Bovidae,Artiodactyla,Animalia,Ovis aries,new order 'Artiodactyla'; new family 'Bovidae'; new genus 'Ovis'; new taxon 'Ovis aries' (author_id NULL); new Swedish common name 'får'
havre,57,"haver, havre",,,Poales,Poaceae,Avena,sativa var sativa,Avena sativa var sativa,havre,2.0,,False,,species (common name),havre,Avena sativa var sativa,Plantae,7432992.0,Avena sativa sativa,VARIETY,EXACT,100.0,https://www.gbif.org/species/7432992,havre,,carried-over (species_split_taxa_gbif_matches.csv),Avena,Poaceae,Poales,Plantae,Avena sativa var sativa,
get,49,"get, get alt. svin",Billy Goat,,Artiodactyla,Bovidae,Capra,hircus,Capra hircus,get,2.0,,False,,animal (common name),get,Capra hircus,Animalia,2441056.0,Capra hircus,SPECIES,EXACT,100.0,https://www.gbif.org/species/2441056,get,,carried-over (species_split_taxa_gbif_matches.csv),Capra,Bovidae,Artiodactyla,Animalia,Capra hircus,new order 'Artiodactyla'; new family 'Bovidae'; new genus 'Capra'; new taxon 'Capra hircus' (author_id NULL); new Swedish common name 'get'
djur?,42,"bränt ben, djurben, gräsätare, hjärnsubstans, hörntand, koprolit, läder, tandrot, tjärat nöthår, tänder",Coralroot,pseduospecies,Indet.,Indet.,Indet.,indet.,,,,PENDING,True,marked uncertain ('?') in the manual mapping,species (common name),tandrot,Cardamine bulbifera,Plantae,3045931.0,Cardamine bulbifera,SPECIES,EXACT,99.0,https://www.gbif.org/species/3045931,djur,,carried-over (species_split_taxa_gbif_matches.csv),Cardamine,Brassicaceae,Brassicales,Plantae,Cardamine bulbifera,"new taxon 'Cardamine bulbifera' (author_id NULL) (existing match is author-attributed, so a fresh one was needed); new Swedish common name 'djur'"
brödvete,40,"bröd- kubbvete, brödvete",,,Poales,Poaceae,Triticum,aestivum/compactum,Triticum aestivum/compactum,brödvete,2.0,TRUE,True,no GBIF or SEAD match at any rank,,,,,,,,,,,brödvete,,,,,,,,new Swedish common name 'kubbvete'
hjortdjur,29,"hjort, hjortdjur, hjorthår",Barbary Red Deer (barbarus),,Artiodactyla,Cervidae,Cervus,elaphus,Cervus elaphus,hjortdjur,2.0,,False,,animal (family),hjortdjur,Cervus elaphus,Animalia,2440958.0,Cervus elaphus,SPECIES,EXACT,100.0,https://www.gbif.org/species/2440958,hjortdjur,,carried-over (species_split_taxa_gbif_matches.csv),Cervus,Cervidae,Artiodactyla,Animalia,Cervus elaphus,new order 'Artiodactyla'; new family 'Cervidae'; new genus 'Cervus'; new taxon 'Cervus elaphus' (author_id NULL); new Swedish common name 'hjortdjur'
sol?,28,"sol, sol fraktion, sol-fraktion",,,Indet.,Indet.,Indet.,indet.,,,,PENDING,True,no GBIF or SEAD match at any rank; marked uncertain ('?') in the manual mapping,,,,,,,,,,,sol,,,,,,,,
hordeum,26,hordeum,Barley,,Poales,Poaceae,Hordeum,sp.,Hordeum sp.,Barley,1.0,,False,,genus (latin),,,Plantae,2706050.0,Hordeum,GENUS,EXACT,96.0,https://www.gbif.org/species/2706050,hordeum,,carried-over (species_split_taxa_gbif_matches.csv),Hordeum,Poaceae,Poales,Plantae,Hordeum,new English common name 'Barley'
populus sp,26,"populus, populus sp","Aspen, Cottonwood, Poplar",,Salicales,Salicaceae,Populus,sp.,Populus sp.,"Aspen, Cottonwood, Poplar",1.0,,False,,genus (latin),,,Plantae,3040183.0,Populus,GENUS,EXACT,96.0,https://www.gbif.org/species/3040183,populus,,carried-over (species_split_taxa_gbif_matches.csv),Populus,Salicaceae,Malpighiales,Plantae,Populus,"new English common name 'Aspen, Cottonwood, Poplar'"
älg,25,älg,Alce,,Artiodactyla,Cervidae,Alces,alces,Alces alces,älg,2.0,,False,,animal (common name),älg,Alces alces,Animalia,2440940.0,Alces alces,SPECIES,EXACT,100.0,https://www.gbif.org/species/2440940,älg,,carried-over (species_split_taxa_gbif_matches.csv),Alces,Cervidae,Artiodactyla,Animalia,Alces alces,new order 'Artiodactyla'; new family 'Cervidae'; new genus 'Alces'; new taxon 'Alces alces' (author_id NULL); new Swedish common name 'älg'
spelvete,24,"speltvete, spelvete",Spelt,,Poales,Poaceae,Triticum,spelta,Triticum spelta,spelvete,2.0,,False,,species (common name),speltvete,Triticum spelta,Plantae,2706402.0,Triticum spelta,SPECIES,EXACT,100.0,https://www.gbif.org/species/2706402,spelvete,,carried-over (species_split_taxa_gbif_matches.csv),Triticum,Poaceae,Poales,Plantae,Triticum spelta,new Swedish common name 'spelvete'
hund,22,hund,Domestic Dog,,Carnivora,Canidae,Canis,lupus familiaris,Canis lupus familiaris,hund,2.0,,False,,animal (common name),hund,Canis lupus familiaris,Animalia,6164210.0,Canis lupus familiaris,SUBSPECIES,EXACT,100.0,https://www.gbif.org/species/6164210,hund,,carried-over (species_split_taxa_gbif_matches.csv),Canis,Canidae,Carnivora,Animalia,Canis lupus familiaris,new order 'Carnivora'; new family 'Canidae'; new genus 'Canis'; new taxon 'Canis lupus familiaris' (author_id NULL); new Swedish common name 'hund'
brudbröd,22,"brudberöd, brudbröd",Dropwort,,Rosales,Rosaceae,Filipendula,vulgaris,Filipendula vulgaris,brudbröd,2.0,,False,,species (common name),brudbröd,Filipendula vulgaris,Plantae,2988069.0,Filipendula vulgaris,SPECIES,EXACT,99.0,https://www.gbif.org/species/2988069,brudbröd,,carried-over (species_split_taxa_gbif_matches.csv),Filipendula,Rosaceae,Rosales,Plantae,Filipendula vulgaris,"new taxon 'Filipendula vulgaris' (author_id NULL) (existing match is author-attributed, so a fresh one was needed); new Swedish common name 'brudbröd'"
kronhjort,20,kronhjort,Barbary Red Deer (barbarus),,Artiodactyla,Cervidae,Cervus,elaphus,Cervus elaphus,kronhjort,2.0,,False,,animal (common name),kronhjort,Cervus elaphus,Animalia,2440958.0,Cervus elaphus,SPECIES,EXACT,100.0,https://www.gbif.org/species/2440958,kronhjort,,carried-over (species_split_taxa_gbif_matches.csv),Cervus,Cervidae,Artiodactyla,Animalia,Cervus elaphus,new order 'Artiodactyla'; new family 'Cervidae'; new genus 'Cervus'; new taxon 'Cervus elaphus' (author_id NULL); new Swedish common name 'kronhjort'
(sol)?,19,(sol),,,Indet.,Indet.,Indet.,indet.,,,,PENDING,True,no GBIF or SEAD match at any rank; marked uncertain ('?') in the manual mapping,,,,,,,,,,,(sol),,,,,,,,
brakved,18,brakved,Alder Buckthorn,,Rosales,Rhamnaceae,Frangula,alnus,Frangula alnus,brakved,2.0,,False,,species (common name),brakved,Frangula alnus,Plantae,3039454.0,Frangula alnus,SPECIES,EXACT,100.0,https://www.gbif.org/species/3039454,brakved,,carried-over (species_split_taxa_gbif_matches.csv),Frangula,Rhamnaceae,Rosales,Plantae,Frangula alnus,"new taxon 'Frangula alnus' (author_id NULL) (existing match is author-attributed, so a fresh one was needed); new Swedish common name 'brakved'"
cf hordeum vulgare,17,"cf hordeum sp, cf hordeum vulgare, hordeum sp, hordeum vulgare",Barley,,Poales,Poaceae,Hordeum,vulgare var vulgare,Hordeum vulgare var vulgare,sexradigt korn,2.0,,False,,species (latin),,Hordeum vulgare var vulgare,Plantae,2706050.0,Hordeum,GENUS,EXACT,96.0,https://www.gbif.org/species/2706050,hordeum vulgare,,carried-over (species_split_taxa_gbif_matches.csv),Hordeum,Poaceae,Poales,Plantae,Hordeum vulgare var vulgare,
ull,14,"ull, ulltextil",,,Poales,Cyperaceae,Eriophorum,sp.,Eriophorum sp.,ullsläktet,2.0,TRUE,True,"ambiguous genus suffix match, candidates: Eriophorum, Nymphoides, Polemonium; weak GBIF match (VERNACULAR)","genus (suffix, ambiguous)",,,Plantae,160027178.0,Eriophorum,GENUS,VERNACULAR,,,ull,"Eriophorum, Nymphoides, Polemonium",species/search (vernacular),Eriophorum,Cyperaceae,Poales,Plantae,,new Swedish common name 'ullsläktet'
ren,12,"ren, renhår",Caribou,,Artiodactyla,Cervidae,Rangifer,tarandus,Rangifer tarandus,ren,2.0,,False,,animal (common name),ren,Rangifer tarandus,Animalia,5220114.0,Rangifer tarandus,SPECIES,EXACT,100.0,https://www.gbif.org/species/5220114,ren,,carried-over (species_split_taxa_gbif_matches.csv),Rangifer,Cervidae,Artiodactyla,Animalia,Rangifer tarandus,new order 'Artiodactyla'; new family 'Cervidae'; new genus 'Rangifer'; new taxon 'Rangifer tarandus' (author_id NULL); new Swedish common name 'ren'
prunus sp,12,prunus sp,"Almond, Cherry, Plum",,Rosales,Rosaceae,Prunus,indet.,Prunus indet.,"Almond, Cherry, Plum",1.0,,False,,genus (latin),,,Plantae,3020559.0,Prunus,GENUS,HIGHERRANK,95.0,https://www.gbif.org/species/3020559,prunus,,carried-over (species_split_taxa_gbif_matches.csv),Prunus,Rosaceae,Rosales,Plantae,Prunus,"new taxon 'Prunus indet.' (author_id NULL); new English common name 'Almond, Cherry, Plum'"
Starrsläktet,12,starr,Sedges,,Poales,Cyperaceae,Carex,spp.,Carex sp.,Starrsläktet,2.0,TRUE,True,ambiguous genus suffix match (candidates not available); weak GBIF match (VERNACULAR),"genus (suffix, ambiguous)",,,Plantae,296322706.0,Carex,GENUS,VERNACULAR,,,starrsläktet,,species/search (vernacular),Carex,Cyperaceae,Poales,Plantae,,new Swedish common name 'Starrsläktet'
bäver,11,bäver,Beaver,,Rodentia,Castoridae,Castor,fiber,Castor fiber,bäver,2.0,,False,,animal (common name),bäver,Castor fiber,Animalia,4409131.0,Castor fiber,SPECIES,EXACT,100.0,https://www.gbif.org/species/4409131,bäver,,carried-over (species_split_taxa_gbif_matches.csv),Castor,Castoridae,Rodentia,Animalia,Castor fiber,new order 'Rodentia'; new family 'Castoridae'; new genus 'Castor'; new taxon 'Castor fiber' (author_id NULL); new Swedish common name 'bäver'
fisk?,11,"fisk, fiskben, fiskfjäll",,pseduospecies,Indet.,Indet.,Indet.,indet.,,,,PENDING,True,no GBIF or SEAD match at any rank; marked uncertain ('?') in the manual mapping,,,,,,,,,,,fisk,,,,,,,,
knylhavre,11,knylhavre,False Oat-grass,,Poales,Poaceae,Arrhenatherum,elatius ssp elatius,Arrhenatherum elatius ssp elatius,knylhavre,2.0,,False,,species (common name),knylhavre,Arrhenatherum elatius ssp elatius,Plantae,9781113.0,Arrhenatherum elatius elatius,SUBSPECIES,EXACT,100.0,https://www.gbif.org/species/9781113,knylhavre,,carried-over (species_split_taxa_gbif_matches.csv),Arrhenatherum,Poaceae,Poales,Plantae,Arrhenatherum elatius ssp elatius,
triticum,9,triticum,Wheat,,Poales,Poaceae,Triticum,spp.,Triticum spp.,Wheat,1.0,,False,,genus (latin),,,Plantae,2706388.0,Triticum,GENUS,EXACT,96.0,https://www.gbif.org/species/2706388,triticum,,carried-over (species_split_taxa_gbif_matches.csv),Triticum,Poaceae,Poales,Plantae,Triticum,new English common name 'Wheat'
ljung,9,ljung,Common Heather,,Ericales,Ericaceae,Calluna,vulgaris,Calluna vulgaris,ljung,2.0,,False,,species (common name),ljung,Calluna vulgaris,Plantae,2882482.0,Calluna vulgaris,SPECIES,EXACT,99.0,https://www.gbif.org/species/2882482,ljung,,carried-over (species_split_taxa_gbif_matches.csv),Calluna,Ericaceae,Ericales,Plantae,Calluna vulgaris,"new taxon 'Calluna vulgaris' (author_id NULL) (existing match is author-attributed, so a fresh one was needed); new Swedish common name 'ljung'"
vildsvin,9,vildsvin,Boar,,Artiodactyla,Suidae,Sus,scrofa,Sus scrofa,vildsvin,2.0,,False,,animal (common name),vildsvin,Sus scrofa,Animalia,7705930.0,Sus scrofa,SPECIES,EXACT,100.0,https://www.gbif.org/species/7705930,vildsvin,,carried-over (species_split_taxa_gbif_matches.csv),Sus,Suidae,Artiodactyla,Animalia,Sus scrofa,new order 'Artiodactyla'; new family 'Suidae'; new genus 'Sus'; new taxon 'Sus scrofa' (author_id NULL); new Swedish common name 'vildsvin'
mjölon,9,mjölon,Bear-grape,,Ericales,Ericaceae,Arctostaphylos,uva-ursi,Arctostaphylos uva-ursi,mjölon,2.0,,False,,species (common name),mjölon,Arctostaphylos uva-ursi,Plantae,2882580.0,Arctostaphylos uva-ursi,SPECIES,EXACT,100.0,https://www.gbif.org/species/2882580,mjölon,,carried-over (species_split_taxa_gbif_matches.csv),Arctostaphylos,Ericaceae,Ericales,Plantae,Arctostaphylos uva-ursi,"new taxon 'Arctostaphylos uva-ursi' (author_id NULL) (existing match is author-attributed, so a fresh one was needed); new Swedish common name 'mjölon'"
målla,8,målla,,,Caryophyllales,Chenopodiaceae,Chenopodium,sp.,,målla,2.0,TRUE,True,"no GBIF or SEAD match at any rank; ambiguous genus suffix match, candidates: Atriplex, Axyris, Bassia, Chenopodium","genus (suffix, ambiguous)",,,,,,,,,,målla,"Atriplex, Axyris, Bassia, Chenopodium",,,,,,,new taxon 'sp.' with genus_id = 404; new Swedish common name 'målla' attached to the new taxon_id.
cf pinus sp,8,cf pinus sp,Deal,,Pinales,Pinaceae,Pinus,sp.,Pinus sp.,Deal,1.0,,False,,genus (latin),,,Plantae,2684241.0,Pinus,GENUS,EXACT,96.0,https://www.gbif.org/species/2684241,pinus,,carried-over (species_split_taxa_gbif_matches.csv),Pinus,Pinaceae,Pinales,Plantae,Pinus,new English common name 'Deal'
svinmålla,8,"svinmålla, svinmålla (frö)",Lambsquarters,,Caryophyllales,Chenopodiaceae,Chenopodium,album var album,Chenopodium album var album,svinmålla,2.0,,False,,species (common name),svinmålla,Chenopodium album var album,Plantae,7219474.0,Chenopodium album album,VARIETY,EXACT,100.0,https://www.gbif.org/species/7219474,svinmålla,,carried-over (species_split_taxa_gbif_matches.csv),Chenopodium,Amaranthaceae,Caryophyllales,Plantae,Chenopodium album var album,
cf quercus sp,7,cf quercus sp,Acorn,,Fagales,Fagaceae,Quercus,sp.,Quercus sp.,Acorn,1.0,,False,,genus (latin),,,Plantae,2877951.0,Quercus,GENUS,EXACT,96.0,https://www.gbif.org/species/2877951,quercus,,carried-over (species_split_taxa_gbif_matches.csv),Quercus,Fagaceae,Fagales,Plantae,Quercus,new English common name 'Acorn'
cf vaccinium sp,7,"cf vaccinium sp, vaccinium sp",Bilberries,,Ericales,Ericaceae,Vaccinium,indet.,Vaccinium indet.,Bilberries,1.0,,False,,genus (latin),,,Plantae,2882813.0,Vaccinium,GENUS,EXACT,96.0,https://www.gbif.org/species/2882813,vaccinium,,carried-over (species_split_taxa_gbif_matches.csv),Vaccinium,Ericaceae,Ericales,Plantae,Vaccinium,new taxon 'Vaccinium indet.' (author_id NULL); new English common name 'Bilberries'
hallon,7,hallon,American Red Raspberry,,Rosales,Rosaceae,Rubus,idaeus,Rubus idaeus,hallon,2.0,,False,,species (common name),hallon,Rubus idaeus,Plantae,2993094.0,Rubus idaeus,SPECIES,EXACT,99.0,https://www.gbif.org/species/2993094,hallon,,carried-over (species_split_taxa_gbif_matches.csv),Rubus,Rosaceae,Rosales,Plantae,Rubus idaeus,new Swedish common name 'hallon'
svalört,6,"svalört, svalörtsrot",,,Ranunculales,Ranunculaceae,Ranunculus,ficaria ssp ficaria,Ranunculus ficaria ssp ficaria,svalört,2.0,,False,,species (common name),svalört,Ranunculus ficaria ssp ficaria,Plantae,8204202.0,Ranunculus ficaria ficaria,SUBSPECIES,EXACT,100.0,https://www.gbif.org/species/8204202,svalört,,carried-over (species_split_taxa_gbif_matches.csv),Ficaria,Ranunculaceae,Ranunculales,Plantae,Ranunculus ficaria ssp ficaria,
idegran,6,idegran,Canada Yew,,Pinales,Taxaceae,Taxus,baccata,Taxus baccata,idegran,2.0,,False,,species (common name),idegran,Taxus baccata,Plantae,5284517.0,Taxus baccata,SPECIES,EXACT,99.0,https://www.gbif.org/species/5284517,idegran,,carried-over (species_split_taxa_gbif_matches.csv),Taxus,Taxaceae,Pinales,Plantae,Taxus baccata,"new taxon 'Taxus baccata' (author_id NULL) (existing match is author-attributed, so a fresh one was needed); new Swedish common name 'idegran'"
igelknopp,6,"igelknopp, stor igelknopp",European Bur-reed,,Poales,Typhaceae,Sparganium,emersum,Sparganium emersum,igelknopp,2.0,,False,,species (common name),igelknopp,Sparganium emersum,Plantae,2702266.0,Sparganium emersum,SPECIES,EXACT,100.0,https://www.gbif.org/species/2702266,igelknopp,,carried-over (species_split_taxa_gbif_matches.csv),Sparganium,Typhaceae,Poales,Plantae,Sparganium emersum,"new taxon 'Sparganium emersum' (author_id NULL) (existing match is author-attributed, so a fresh one was needed); new Swedish common name 'igelknopp'"
ärta,6,ärta,,,Fabales,Fabaceae,Pisum,sp.,,ärt,2.0,TRUE,True,"no GBIF or SEAD match at any rank; ambiguous genus suffix match, candidates: Dicentra, Lamprocapnos","genus (suffix, ambiguous)",,,,,,,,,,ärta,"Dicentra, Lamprocapnos",,,,,,,new Swedish common name 'ärt' 
ros,6,ros,,,Rosales,Rosaceae,Rosa,sp.,,ros,2.0,TRUE,True,"no GBIF or SEAD match at any rank; ambiguous genus suffix match, candidates: Helianthus, Taraxacum, Rhododendron, Alcea, Nuphar, Nymphaea, Lathraea, Helleborus, Rosa","genus (suffix, ambiguous)",,,,,,,,,,ros,"Helianthus, Taraxacum, Rhododendron, Alcea, Nuphar, Nymphaea, Lathraea, Helleborus, Rosa",,,,,,,new taxon 'sp.' with genus_id = 963; new Swedish common name 'ros' attached to the new taxon_id.
bärris,6,bärris,,,Indet.,Indet.,Indet.,indet.,,,,PENDING,True,no GBIF or SEAD match at any rank,,,,,,,,,,,bärris,,,,,,,,
björn,6,björn,Brown Bear,,Carnivora,Ursidae,Ursus,arctos,Ursus arctos,björn,2.0,,False,,animal (common name),björn,Ursus arctos,Animalia,2433433.0,Ursus arctos,SPECIES,EXACT,100.0,https://www.gbif.org/species/2433433,björn,,carried-over (species_split_taxa_gbif_matches.csv),Ursus,Ursidae,Carnivora,Animalia,Ursus arctos,new order 'Carnivora'; new family 'Ursidae'; new genus 'Ursus'; new taxon 'Ursus arctos' (author_id NULL); new Swedish common name 'björn'
bränt?,6,bränt,,,Indet.,Indet.,Indet.,indet.,,,,PENDING,True,no GBIF or SEAD match at any rank; marked uncertain ('?') in the manual mapping,,,,,,,,,,,bränt,,,,,,,,
cf picea sp,5,cf picea sp,Spruce,,Pinales,Pinaceae,Picea,abies ssp abies,Picea abies ssp abies,gran,2.0,,False,,genus (latin),,,Plantae,7606064.0,Picea,GENUS,EXACT,95.0,https://www.gbif.org/species/7606064,picea,,carried-over (species_split_taxa_gbif_matches.csv),Picea,Pinaceae,Pinales,Plantae,Picea,
cf alnus sp,5,cf alnus sp,Alder,,Fagales,Betulaceae,Alnus,sp.,Alnus sp.,Alder,1.0,,False,,genus (latin),,,Plantae,2876099.0,Alnus,GENUS,EXACT,95.0,https://www.gbif.org/species/2876099,alnus,,carried-over (species_split_taxa_gbif_matches.csv),Alnus,Betulaceae,Fagales,Plantae,Alnus,new English common name 'Alder'
cf tilia sp,5,cf tilia sp,Basswood,,Malvales,Tiliaceae,Tilia,sp.,Tilia sp.,Basswood,1.0,,False,,genus (latin),,,Plantae,3152041.0,Tilia,GENUS,EXACT,96.0,https://www.gbif.org/species/3152041,tilia,,carried-over (species_split_taxa_gbif_matches.csv),Tilia,Malvaceae,Malvales,Plantae,Tilia,new English common name 'Basswood'
gris,5,gris,Domestic Pig,,Artiodactyla,Suidae,Sus,scrofa domesticus,Sus scrofa domesticus,gris,2.0,,False,,animal (common name),gris,Sus scrofa domesticus,Animalia,11374585.0,Sus scrofa domesticus,SUBSPECIES,EXACT,99.0,https://www.gbif.org/species/11374585,gris,,carried-over (species_split_taxa_gbif_matches.csv),Sus,Suidae,Artiodactyla,Animalia,Sus scrofa domesticus,new order 'Artiodactyla'; new family 'Suidae'; new genus 'Sus'; new taxon 'Sus scrofa domesticus' (author_id NULL); new Swedish common name 'gris'
poppel,5,poppel,"Aspen, Cottonwood, Poplar",,Salicales,Salicaceae,Populus,sp.,Populus sp.,poppel,2.0,,False,,genus (suffix-inferred),,,Plantae,3040183.0,Populus,GENUS,EXACT,96.0,https://www.gbif.org/species/3040183,poppel,,carried-over (species_split_taxa_gbif_matches.csv),Populus,Salicaceae,Malpighiales,Plantae,Populus,new Swedish common name 'poppel'
vicker,5,vicker,Vetch,,Fabales,Fabaceae,Vicia,sp.,Vicia sp.,vicker,2.0,,False,,genus (suffix-inferred),,,Plantae,2974751.0,Vicia,GENUS,EXACT,96.0,https://www.gbif.org/species/2974751,vicker,,carried-over (species_split_taxa_gbif_matches.csv),Vicia,Fabaceae,Fabales,Plantae,Vicia,new Swedish common name 'vicker'
sorbus sp,5,"sorbus, sorbus sp",Mountain Ashes,,Rosales,Rosaceae,Sorbus,indet.,Sorbus indet.,Mountain Ashes,1.0,,False,,genus (latin),,,Plantae,3012146.0,Sorbus,GENUS,EXACT,96.0,https://www.gbif.org/species/3012146,sorbus,,carried-over (species_split_taxa_gbif_matches.csv),Sorbus,Rosaceae,Rosales,Plantae,Sorbus,new taxon 'Sorbus indet.' (author_id NULL); new English common name 'Mountain Ashes'
vikare,5,vikare,Arctic Ringed Seal,,Carnivora,Phocidae,Pusa,hispida,Pusa hispida,vikare,2.0,,False,,animal (common name),vikare,Pusa hispida,Animalia,5219369.0,Pusa hispida,SPECIES,EXACT,100.0,https://www.gbif.org/species/5219369,vikare,,carried-over (species_split_taxa_gbif_matches.csv),Pusa,Phocidae,Carnivora,Animalia,Pusa hispida,new order 'Carnivora'; new family 'Phocidae'; new genus 'Pusa'; new taxon 'Pusa hispida' (author_id NULL); new Swedish common name 'vikare'
pilört,5,pilört,Knotweed,,Caryophyllales,Polygonaceae,Persicaria,sp.,Persicaria sp.,pilört,2.0,,False,,genus (suffix-inferred),,,Plantae,6390748.0,Persicaria,GENUS,EXACT,95.0,https://www.gbif.org/species/6390748,pilört,,carried-over (species_split_taxa_gbif_matches.csv),Persicaria,Polygonaceae,Caryophyllales,Plantae,Persicaria,new Swedish common name 'pilört'
rådjur,4,rådjur,Corzo,,Artiodactyla,Cervidae,Capreolus,capreolus,Capreolus capreolus,rådjur,2.0,,False,,animal (common name),rådjur,Capreolus capreolus,Animalia,5220126.0,Capreolus capreolus,SPECIES,EXACT,100.0,https://www.gbif.org/species/5220126,rådjur,,carried-over (species_split_taxa_gbif_matches.csv),Capreolus,Cervidae,Artiodactyla,Animalia,Capreolus capreolus,new order 'Artiodactyla'; new family 'Cervidae'; new genus 'Capreolus'; new taxon 'Capreolus capreolus' (author_id NULL); new Swedish common name 'rådjur'
måra,4,måra,,,Gentianales,Rubiaceae,Galium,spp.,,måra,2.0,TRUE,True,"no GBIF or SEAD match at any rank; ambiguous genus suffix match, candidates: Asperula, Cruciata, Galium, Phuopsis","genus (suffix, ambiguous)",,,,,,,,,,måra,"Asperula, Cruciata, Galium, Phuopsis",,,,,,,new Swedish common name 'måra' 
olvon,4,olvon,Crampbark,,Asparagales,Alliaceae,Viburnum,opulus,Viburnum opulus,olvon,2.0,,False,,species (common name),olvon,Viburnum opulus,Plantae,2888605.0,Viburnum opulus,SPECIES,EXACT,100.0,https://www.gbif.org/species/2888605,olvon,,carried-over (species_split_taxa_gbif_matches.csv),Viburnum,Viburnaceae,Dipsacales,Plantae,Viburnum opulus,"new taxon 'Viburnum opulus' (author_id NULL) (existing match is author-attributed, so a fresh one was needed); new Swedish common name 'olvon'"
cf maloideae sp,3,"cf maloideae, cf maloideae sp",,,Rosales,Rosaceae,Rosaceae Indet,Indet,,,,TRUE,True,no GBIF or SEAD match at any rank,,,,,,,,,,,maloideae,,,,,,,,new genus 'Rosaceae Indet' with family_id 154; new species 'Indet' attached to new genius
cf acer sp,3,cf acer sp,Maple,,Alismatales,Acoraceae,Acer,sp.,Acer sp.,Maple,1.0,,False,,genus (latin),,,Plantae,3189834.0,Acer,GENUS,HIGHERRANK,95.0,https://www.gbif.org/species/3189834,acer,,carried-over (species_split_taxa_gbif_matches.csv),Acer,Sapindaceae,Sapindales,Plantae,Acer,new English common name 'Maple'
gädda,3,gädda,American Pike,,Esociformes,Esocidae,Esox,lucius,Esox lucius,gädda,2.0,,False,,animal (common name),gädda,Esox lucius,Animalia,2346633.0,Esox lucius,SPECIES,EXACT,100.0,https://www.gbif.org/species/2346633,gädda,,carried-over (species_split_taxa_gbif_matches.csv),Esox,Esocidae,Esociformes,Animalia,Esox lucius,new order 'Esociformes'; new family 'Esocidae'; new genus 'Esox'; new taxon 'Esox lucius' (author_id NULL); new Swedish common name 'gädda'
gråärt,3,gråärt,,,Indet.,Indet.,Indet.,indet.,,,,PENDING,True,weak GBIF match (VERNACULAR) / this species according to wikipedia. according to sead- already a common name for this is foderärt. not sure how to handle,gbif only (no prior SEAD anchor),,,Plantae,160020585.0,Pisum sativum arvense,VARIETY,VERNACULAR,,,gråärt,,species/search (vernacular),Pisum,Fabaceae,Fabales,Plantae,,new Swedish common name 'gråärt'
getapel,3,getapel,Buckthorn,,Rosales,Rhamnaceae,Rhamnus,cathartica,Rhamnus cathartica,getapel,2.0,TRUE,True,weak GBIF match (FUZZY),species (common name),getapel,Rhamnus catharticus,Plantae,3039491.0,Rhamnus cathartica,SPECIES,FUZZY,97.0,https://www.gbif.org/species/3039491,getapel,,carried-over (species_split_taxa_gbif_matches.csv),Rhamnus,Rhamnaceae,Rosales,Plantae,Rhamnus catharticus,"new taxon 'Rhamnus cathartica' (author_id NULL) (existing match is author-attributed, so a fresh one was needed); new Swedish common name 'getapel'"
hagtorn,3,hagtorn,Haw,,Rosales,Rosaceae,Crataegus,sp.,Crataegus sp.,hagtorn,2.0,,False,,genus (suffix-inferred),,,Plantae,3013395.0,Crataegus,GENUS,EXACT,96.0,https://www.gbif.org/species/3013395,hagtorn,,carried-over (species_split_taxa_gbif_matches.csv),Crataegus,Rosaceae,Rosales,Plantae,Crataegus,new Swedish common name 'hagtorn'
benved,3,benved,,,Insertis Sedis,Celastraceae,Evonymus,europaeus,Evonymus europaeus,benved,2.0,,False,,species (common name),benved,Evonymus europaeus,Plantae,7403009.0,Evonymus europaeus,SPECIES,EXACT,100.0,https://www.gbif.org/species/7403009,benved,,carried-over (species_split_taxa_gbif_matches.csv),Euonymus,Celastraceae,Celastrales,Plantae,Evonymus europaeus,"new taxon 'Evonymus europaeus' (author_id NULL) (existing match is author-attributed, so a fresh one was needed); new Swedish common name 'benved'"
böna?,3,böna,Bean,pseduospecies,Indet.,Indet.,Indet.,indet.,,,,PENDING,True,marked uncertain ('?') in the manual mapping,species (common name),böna,Phaseolus vulgaris,Plantae,5350452.0,Phaseolus vulgaris,SPECIES,EXACT,99.0,https://www.gbif.org/species/5350452,böna,,carried-over (species_split_taxa_gbif_matches.csv),Phaseolus,Fabaceae,Fabales,Plantae,Phaseolus vulgaris,"new taxon 'Phaseolus vulgaris' (author_id NULL) (existing match is author-attributed, so a fresh one was needed); new Swedish common name 'böna'"
triticum sp,3,triticum sp,Wheat,,Poales,Poaceae,Triticum,spp.,Triticum spp.,Wheat,1.0,,False,,genus (latin),,,Plantae,2706388.0,Triticum,GENUS,EXACT,96.0,https://www.gbif.org/species/2706388,triticum,,carried-over (species_split_taxa_gbif_matches.csv),Triticum,Poaceae,Poales,Plantae,Triticum,new English common name 'Wheat'
uroxe,3,uroxe,Auroch,,Artiodactyla,Bovidae,Bos,primigenius,Bos primigenius,uroxe,2.0,,False,,animal (common name),uroxe,Bos primigenius,Animalia,2441024.0,Bos primigenius,SPECIES,EXACT,100.0,https://www.gbif.org/species/2441024,uroxe,,carried-over (species_split_taxa_gbif_matches.csv),Bos,Bovidae,Artiodactyla,Animalia,Bos primigenius,new order 'Artiodactyla'; new family 'Bovidae'; new genus 'Bos'; new taxon 'Bos primigenius' (author_id NULL); new Swedish common name 'uroxe'
sälg,3,sälg,,,Salicales,Salicaceae,Salix,caprea ssp caprea,Salix caprea ssp caprea,sälg,2.0,,False,,species (common name),sälg,Salix caprea ssp caprea,Plantae,7544926.0,Salix caprea caprea,SUBSPECIES,EXACT,100.0,https://www.gbif.org/species/7544926,sälg,,carried-over (species_split_taxa_gbif_matches.csv),Salix,Salicaceae,Malpighiales,Plantae,Salix caprea ssp caprea,
gråsäl,3,gråsäl,Atlantic Gray Seal,,Carnivora,Phocidae,Halichoerus,grypus,Halichoerus grypus,gråsäl,2.0,,False,,animal (common name),gråsäl,Halichoerus grypus,Animalia,2434806.0,Halichoerus grypus,SPECIES,EXACT,100.0,https://www.gbif.org/species/2434806,gråsäl,,carried-over (species_split_taxa_gbif_matches.csv),Halichoerus,Phocidae,Carnivora,Animalia,Halichoerus grypus,new order 'Carnivora'; new family 'Phocidae'; new genus 'Halichoerus'; new taxon 'Halichoerus grypus' (author_id NULL); new Swedish common name 'gråsäl'
oxel,3,oxel,Rose Family,,Rosales,Rosaceae,Sorbus,intermedia,Sorbus intermedia,oxel,2.0,,False,,species (common name),oxel,Sorbus intermedia,Plantae,5015.0,Rosaceae,FAMILY,HIGHERRANK,99.0,https://www.gbif.org/species/5015,oxel,,carried-over (species_split_taxa_gbif_matches.csv),,Rosaceae,Rosales,Plantae,Sorbus intermedia,"new taxon 'Sorbus intermedia' (author_id NULL) (existing match is author-attributed, so a fresh one was needed); new Swedish common name 'oxel'"
rosa sp,3,rosa sp,Damask Rose,,Rosales,Rosaceae,Rosa,indet.,Rosa indet.,Damask Rose,1.0,,False,,genus (latin),,,Plantae,8395064.0,Rosa,GENUS,EXACT,95.0,https://www.gbif.org/species/8395064,rosa,,carried-over (species_split_taxa_gbif_matches.csv),Rosa,Rosaceae,Rosales,Plantae,Rosa,new taxon 'Rosa indet.' (author_id NULL); new English common name 'Damask Rose'
triticum aestivum,3,triticum aestivum,Bread Wheat,,Poales,Poaceae,Triticum,aestivum,Triticum aestivum,Bread Wheat,1.0,,False,,species (latin),,Triticum aestivum,Plantae,7795888.0,Triticum aestivum,SPECIES,EXACT,99.0,,triticum aestivum,,species/match,Triticum,Poaceae,Poales,Plantae,Triticum aestivum,"new taxon 'Triticum aestivum' (author_id NULL) (existing match is author-attributed, so a fresh one was needed); new English common name 'Bread Wheat'"
trampört,3,trampört,Knotgrass,,Caryophyllales,Polygonaceae,Polygonum,sp.,Polygonum sp.,trampört,2.0,,False,,genus (suffix-inferred),,,Plantae,2889077.0,Polygonum,GENUS,HIGHERRANK,95.0,https://www.gbif.org/species/2889077,trampört,,carried-over (species_split_taxa_gbif_matches.csv),Polygonum,Polygonaceae,Caryophyllales,Plantae,Polygonum,new Swedish common name 'trampört'
starrfrukt,3,"starrfrukt, starrfrukter",,,Poales,Cyperaceae,Carex,spp.,Carex sp.,starrsläktet,2.0,TRUE,True,no GBIF or SEAD match at any rank,,,,,,,,,,,starrfrukt,,,,,,,,new Swedish common name 'Starrsläktet'
säd,3,säd,,pseduospecies,Indet.,Indet.,Indet.,indet.,,,,PENDING,True,no GBIF or SEAD match at any rank,,,,,,,,,,,säd,,,,,,,,
rönn,3,rönn,European mountain-ash,,Rosales,Rosaceae,Sorbus,aucuparia ssp aucuparia,Sorbus aucuparia ssp aucuparia,rönn,2.0,,False,,species (common name),rönn,Sorbus aucuparia ssp aucuparia,Plantae,7272117.0,Sorbus aucuparia aucuparia,SUBSPECIES,EXACT,100.0,https://www.gbif.org/species/7272117,rönn,,carried-over (species_split_taxa_gbif_matches.csv),Sorbus,Rosaceae,Rosales,Plantae,Sorbus aucuparia ssp aucuparia,
vildapel,2,vildapel,Crab Apple,,Rosales,Rosaceae,Malus,sylvestris,Malus sylvestris,vildapel,2.0,,False,,species (common name),vildapel,Malus sylvestris,Plantae,3001509.0,Malus sylvestris,SPECIES,EXACT,99.0,https://www.gbif.org/species/3001509,vildapel,,carried-over (species_split_taxa_gbif_matches.csv),Malus,Rosaceae,Rosales,Plantae,Malus sylvestris,"new taxon 'Malus sylvestris' (author_id NULL) (existing match is author-attributed, so a fresh one was needed); new Swedish common name 'vildapel'"
äpple,2,"äppelkärna, äpple",,,Rosales,Rosaceae,Malus,domestica,,äpple,,TRUE,True,"no GBIF or SEAD match at any rank; ambiguous genus suffix match, candidates: Punicea, Solanum","genus (suffix, ambiguous)",,,,,,,,,,äpple,"Punicea, Solanum",,,,,,,"new taxon 'domestica' (author_id NULL) (existing match is author-attributed, so a fresh one was needed); new Swedish common name 'äpple'"
,2,,,,Indet.,Indet.,Indet.,indet.,,,,PENDING,False,,,,,,,,,,,,,,,,,,,,
delfin,2,delfin,Dolphin,,Cetacea,Delphinidae,Delphinidae indet,indet.,Delphinidae indet indet.,delfin,2.0,,False,,animal (family),delfin,,Animalia,5314.0,Delphinidae,FAMILY,EXACT,96.0,https://www.gbif.org/species/5314,delfin,,carried-over (species_split_taxa_gbif_matches.csv),,Delphinidae,Cetacea,Animalia,Delphinidae,new order 'Cetacea'; new family 'Delphinidae'; new genus 'Delphinidae indet'; new taxon 'Delphinidae indet indet.' (author_id NULL); new Swedish common name 'delfin'
fläder,2,fläder,Black Elder,,Alismatales,Alismataceae,Sambucus,nigra,Sambucus nigra,fläder,2.0,,False,,species (common name),fläder,Sambucus nigra,Plantae,2888728.0,Sambucus nigra,SPECIES,EXACT,99.0,https://www.gbif.org/species/2888728,fläder,,carried-over (species_split_taxa_gbif_matches.csv),Sambucus,Viburnaceae,Dipsacales,Plantae,Sambucus nigra,"new taxon 'Sambucus nigra' (author_id NULL) (existing match is author-attributed, so a fresh one was needed); new Swedish common name 'fläder'"
amulettring?,2,amulettring,,description,Indet.,Indet.,Indet.,indet.,,,,PENDING,True,no GBIF or SEAD match at any rank; marked uncertain ('?') in the manual mapping,,,,,,,,,,,amulettring,,,,,,,,
hovdjur,2,stort hovdjur,,pseduospecies,Indet.,Indet.,Indet.,indet.,,,,PENDING,True,no GBIF or SEAD match at any rank,,,,,,,,,,,hovdjur,,,,,,,,
betula,2,betula,Birch,,Fagales,Betulaceae,Betula,sp.,Betula sp.,Birch,1.0,,False,,genus (latin),,,Plantae,2875008.0,Betula,GENUS,HIGHERRANK,95.0,https://www.gbif.org/species/2875008,betula,,carried-over (species_split_taxa_gbif_matches.csv),Betula,Betulaceae,Fagales,Plantae,Betula,new English common name 'Birch'
tiggarranunkel,2,tiggarranunkel,,,Ranunculales,Ranunculaceae,Ranunculus,scleratus,Ranunculus scleratus,tiggarranunkel,2.0,,False,,species (common name),tiggarranunkel,Ranunculus scleratus,Plantae,9065081.0,Ranunculus scleratus,SPECIES,EXACT,100.0,https://www.gbif.org/species/9065081,tiggarranunkel,,carried-over (species_split_taxa_gbif_matches.csv),Ranunculus,Ranunculaceae,Ranunculales,Plantae,Ranunculus scleratus,"new taxon 'Ranunculus scleratus' (author_id NULL) (existing match is author-attributed, so a fresh one was needed); new Swedish common name 'tiggarranunkel'"
kalkbruk?,2,kalkbruk,,,Indet.,Indet.,Indet.,indet.,,,,PENDING,True,no GBIF or SEAD match at any rank; marked uncertain ('?') in the manual mapping,,,,,,,,,,,kalkbruk,,,,,,,,
jurpa,2,jurpa,,,Indet.,Indet.,Indet.,indet.,,,,PENDING,True,no GBIF or SEAD match at any rank,,,,,,,,,,,jurpa,,,,,,,,
kråkbär,2,kråkbär,Crowberry,,Ericales,Ericaceae,Empetrum,nigrum ssp nigrum,Empetrum nigrum ssp nigrum,kråkbär,2.0,,False,,species (common name),kråkbär,Empetrum nigrum ssp nigrum,Plantae,6387990.0,Empetrum nigrum nigrum,SUBSPECIES,EXACT,100.0,https://www.gbif.org/species/6387990,kråkbär,,carried-over (species_split_taxa_gbif_matches.csv),Empetrum,Ericaceae,Ericales,Plantae,Empetrum nigrum ssp nigrum,
katt,2,katt,Alley Cat,,Carnivora,Felidae,Felis,catus,Felis catus,katt,2.0,,False,,animal (common name),katt,Felis catus,Animalia,2435035.0,Felis catus,SPECIES,EXACT,100.0,https://www.gbif.org/species/2435035,katt,,carried-over (species_split_taxa_gbif_matches.csv),Felis,Felidae,Carnivora,Animalia,Felis catus,new order 'Carnivora'; new family 'Felidae'; new genus 'Felis'; new taxon 'Felis catus' (author_id NULL); new Swedish common name 'katt'
kornell,2,kornell,Dogwood,,Cornales,Cornaceae,Cornus,indet.,Cornus indet.,kornell,2.0,,False,,genus (suffix-inferred),,,Plantae,3082226.0,Cornus,GENUS,EXACT,96.0,https://www.gbif.org/species/3082226,kornell,,carried-over (species_split_taxa_gbif_matches.csv),Cornus,Cornaceae,Cornales,Plantae,Cornus,new taxon 'Cornus indet.' (author_id NULL); new Swedish common name 'kornell'
makrofossil?,2,makrofossil,,description,Indet.,Indet.,Indet.,indet.,,,,PENDING,True,no GBIF or SEAD match at any rank; marked uncertain ('?') in the manual mapping,,,,,,,,,,,makrofossil,,,,,,,,
ostron,2,ostron,Edible oyster,,Ostreida,Ostreidae,Ostrea,edulis,Ostrea edulis,ostron,2.0,,False,,animal (common name),ostron,Ostrea edulis,Animalia,2286060.0,Ostrea edulis,SPECIES,EXACT,100.0,https://www.gbif.org/species/2286060,ostron,,carried-over (species_split_taxa_gbif_matches.csv),Ostrea,Ostreidae,Ostreida,Animalia,Ostrea edulis,new order 'Ostreida'; new family 'Ostreidae'; new genus 'Ostrea'; new taxon 'Ostrea edulis' (author_id NULL); new Swedish common name 'ostron'
nate,2,nate,,,Indet.,Indet.,Indet.,indet.,,,,PENDING,True,"no GBIF or SEAD match at any rank; ambiguous genus suffix match, candidates: Groenlandia, Potamogeton","genus (suffix, ambiguous)",,,,,,,,,,nate,"Groenlandia, Potamogeton",,,,,,,
råglosta,2,råglosta,Cheat,,Poales,Poaceae,Bromus,secalinus,Bromus secalinus,råglosta,2.0,,False,,species (common name),råglosta,Bromus secalinus,Plantae,2703717.0,Bromus secalinus,SPECIES,EXACT,99.0,https://www.gbif.org/species/2703717,råglosta,,carried-over (species_split_taxa_gbif_matches.csv),Bromus,Poaceae,Poales,Plantae,Bromus secalinus,new Swedish common name 'råglosta'
try,2,try,,,Indet.,Indet.,Indet.,indet.,,,,PENDING,True,"no GBIF or SEAD match at any rank; ambiguous genus suffix match, candidates: Lonicera, Weigela","genus (suffix, ambiguous)",,,,,,,,,,try,"Lonicera, Weigela",,,,,,,
vikaresäl,2,vikaresäl,Arctic Ringed Seal,,Carnivora,Phocidae,Pusa,hispida,Pusa hispida,vikaresäl,2.0,,False,,animal (common name),vikaresäl,Pusa hispida,Animalia,5219369.0,Pusa hispida,SPECIES,EXACT,100.0,https://www.gbif.org/species/5219369,vikaresäl,,carried-over (species_split_taxa_gbif_matches.csv),Pusa,Phocidae,Carnivora,Animalia,Pusa hispida,new order 'Carnivora'; new family 'Phocidae'; new genus 'Pusa'; new taxon 'Pusa hispida' (author_id NULL); new Swedish common name 'vikaresäl'
snärjmåra,2,snärjmåra,,,Gentianales,Rubiaceae,Galium,aparine var aparine,Galium aparine var aparine,snärjmåra,2.0,,False,,species (common name),snärjmåra,Galium aparine var aparine,Plantae,7474788.0,Galium aparine aparine,VARIETY,EXACT,100.0,https://www.gbif.org/species/7474788,snärjmåra,,carried-over (species_split_taxa_gbif_matches.csv),Galium,Rubiaceae,Gentianales,Plantae,Galium aparine var aparine,
brunskära,2,brunskära,Erect-bur-marigold,,Asterales,Asteraceae,Bidens,tripartita,Bidens tripartita,brunskära,2.0,,False,,species (common name),brunskära,Bidens tripartita,Plantae,5391862.0,Bidens tripartita,SPECIES,EXACT,99.0,https://www.gbif.org/species/5391862,brunskära,,carried-over (species_split_taxa_gbif_matches.csv),Bidens,Asteraceae,Asterales,Plantae,Bidens tripartita,"new taxon 'Bidens tripartita' (author_id NULL) (existing match is author-attributed, so a fresh one was needed); new Swedish common name 'brunskära'"
hirs,2,hirs,Brown Millet,,Poales,Poaceae,Panicum,miliaceum,Panicum miliaceum,hirs,2.0,,False,,species (common name),hirs,Panicum miliaceum,Plantae,2705090.0,Panicum miliaceum,SPECIES,EXACT,99.0,https://www.gbif.org/species/2705090,hirs,,carried-over (species_split_taxa_gbif_matches.csv),Panicum,Poaceae,Poales,Plantae,Panicum miliaceum,"new taxon 'Panicum miliaceum' (author_id NULL) (existing match is author-attributed, so a fresh one was needed); new Swedish common name 'hirs'"
fågel,2,fågel,,,Aves Indet.,Aves Indet. Indet.,Aves Indet. Indet. Indet.,Indet.,,fågel,2.0,TRUE,True,no GBIF or SEAD match at any rank,,,,,,,,,,,fågel,,,,,,,,new everything
grönlandssäl,2,grönlandssäl,Foca Pia,,Carnivora,Phocidae,Pagophilus,groenlandicus,Pagophilus groenlandicus,grönlandssäl,2.0,,False,,animal (common name),grönlandssäl,Pagophilus groenlandicus,Animalia,2434801.0,Pagophilus groenlandicus,SPECIES,EXACT,100.0,https://www.gbif.org/species/2434801,grönlandssäl,,carried-over (species_split_taxa_gbif_matches.csv),Pagophilus,Phocidae,Carnivora,Animalia,Pagophilus groenlandicus,new order 'Carnivora'; new family 'Phocidae'; new genus 'Pagophilus'; new taxon 'Pagophilus groenlandicus' (author_id NULL); new Swedish common name 'grönlandssäl'
idisslare,2,idisslare,,,Artiodactyla,Artiodactyla indet,Artiodactyla indet indet,indet.,Artiodactyla indet indet indet.,idisslare,2.0,TRUE,True,weak GBIF match (VERNACULAR),gbif only (no prior SEAD anchor),,,Animalia,159939909.0,Ruminantia,SUBORDER,VERNACULAR,,,idisslare,,species/search (vernacular),,,Artiodactyla,Animalia,,new order 'Artiodactyla'; new family 'Artiodactyla indet'; new genus 'Artiodactyla indet indet'; new taxon 'Artiodactyla indet indet indet.' (author_id NULL); new Swedish common name 'idisslare'
cf fraxinus sp,2,cf fraxinus sp,Ash,,Lamiales,Oleaceae,Fraxinus,sp.,Fraxinus sp.,Ash,1.0,,False,,genus (latin),,,Plantae,3172323.0,Fraxinus,GENUS,EXACT,96.0,https://www.gbif.org/species/3172323,fraxinus,,carried-over (species_split_taxa_gbif_matches.csv),Fraxinus,Oleaceae,Lamiales,Plantae,Fraxinus,new English common name 'Ash'
pärlhavre,2,pärlhavre,Tall Oatgrass,,Poales,Poaceae,Arrhenatherum,elatius ssp bulbosus,Arrhenatherum elatius ssp bulbosus,pärlhavre,2.0,TRUE,True,weak GBIF match (FUZZY),species (common name),pärlhavre,Arrhenatherum elatius ssp bulbosus,Plantae,7987633.0,Arrhenatherum elatius bulbosum,SUBSPECIES,FUZZY,96.0,https://www.gbif.org/species/7987633,pärlhavre,,carried-over (species_split_taxa_gbif_matches.csv),Arrhenatherum,Poaceae,Poales,Plantae,Arrhenatherum elatius ssp bulbosus,"new taxon 'Arrhenatherum elatius ssp bulbosus' (author_id NULL) (existing match is author-attributed, so a fresh one was needed); new Swedish common name 'pärlhavre'"
cf corylus avellana,1,cf corylus avellana,Barcelona-nuts,,Fagales,Corylaceae,Corylus,avellana,Corylus avellana,Barcelona-nuts,1.0,,False,,species (latin),,Corylus avellana,Plantae,2875979.0,Corylus avellana,SPECIES,EXACT,99.0,,corylus avellana,,species/match,Corylus,Betulaceae,Fagales,Plantae,Corylus avellana,"new taxon 'Corylus avellana' (author_id NULL) (existing match is author-attributed, so a fresh one was needed); new English common name 'Barcelona-nuts'"
aborrskinn,1,aborrskinn,Eurasian perch,,Perciformes,Percidae,Perca,fluviatilis,Perca fluviatilis,aborrskinn,2.0,,False,,animal (common name),aborrskinn,Perca fluviatilis,Animalia,8140485.0,Perca fluviatilis,SPECIES,EXACT,100.0,https://www.gbif.org/species/8140485,aborrskinn,,carried-over (species_split_taxa_gbif_matches.csv),Perca,Percidae,Perciformes,Animalia,Perca fluviatilis,new order 'Perciformes'; new family 'Percidae'; new genus 'Perca'; new taxon 'Perca fluviatilis' (author_id NULL); new Swedish common name 'aborrskinn'
brännässla,1,brännässla,,,Rosales,Urticaceae,Urtica,dioica ssp dioica var dioica,Urtica dioica ssp dioica var dioica,brännässla,2.0,,False,,species (common name),brännässla,Urtica dioica ssp dioica var dioica,Plantae,7300700.0,Urtica dioica dioica,VARIETY,EXACT,100.0,https://www.gbif.org/species/7300700,brännässla,,carried-over (species_split_taxa_gbif_matches.csv),Urtica,Urticaceae,Rosales,Plantae,Urtica dioica ssp dioica var dioica,
agn?,1,agn,,,Indet.,Indet.,Indet.,indet.,,,,PENDING,True,no GBIF or SEAD match at any rank; marked uncertain ('?') in the manual mapping,,,,,,,,,,,agn,,,,,,,,
avenbok,1,avenbok,Caucasian Hornbeam,,Fagales,Corylaceae,Carpinus,betulus,Carpinus betulus,avenbok,2.0,,False,,species (common name),avenbok,Carpinus betulus,Plantae,2875818.0,Carpinus betulus,SPECIES,EXACT,99.0,https://www.gbif.org/species/2875818,avenbok,,carried-over (species_split_taxa_gbif_matches.csv),Carpinus,Betulaceae,Fagales,Plantae,Carpinus betulus,"new taxon 'Carpinus betulus' (author_id NULL) (existing match is author-attributed, so a fresh one was needed); new Swedish common name 'avenbok'"
bergssyra,1,bergssyra,,,Caryophyllales,Polygonaceae,Rumex,acetosella ssp acetosella,Rumex acetosella ssp acetosella,bergsyra,2.0,TRUE,True,weak GBIF match (VERNACULAR),gbif only (no prior SEAD anchor),,,Plantae,160025141.0,Rumex acetosella,SPECIES,VERNACULAR,,,bergssyra,,species/search (vernacular),Rumex,Polygonaceae,Caryophyllales,Plantae,,
bitterpilört,1,bitterpilört,Marshpepper Knotweed,,Caryophyllales,Polygonaceae,Persicaria,hydropiper,Persicaria hydropiper,bitterpilört,2.0,,False,,species (common name),bitterpilört,Persicaria hydropiper,Plantae,8323622.0,Persicaria hydropiper,SPECIES,EXACT,99.0,https://www.gbif.org/species/8323622,bitterpilört,,carried-over (species_split_taxa_gbif_matches.csv),Persicaria,Polygonaceae,Caryophyllales,Plantae,Persicaria hydropiper,"new taxon 'Persicaria hydropiper' (author_id NULL) (existing match is author-attributed, so a fresh one was needed); new Swedish common name 'bitterpilört'"
bivax?,1,bivax,,move to material??,Indet.,Indet.,Indet.,indet.,,,,PENDING,True,no GBIF or SEAD match at any rank; marked uncertain ('?') in the manual mapping,,,,,,,,,,,bivax,,,,,,,,
blandmaterial?,1,blandmaterial,,description,Indet.,Indet.,Indet.,indet.,,,,PENDING,True,no GBIF or SEAD match at any rank; marked uncertain ('?') in the manual mapping,,,,,,,,,,,blandmaterial,,,,,,,,
humle,1,humle,Bine,,Rosales,Cannabaceae,Humulus,lupulus,Humulus lupulus,humle,2.0,,False,,species (common name),humle,Humulus lupulus,Plantae,2984535.0,Humulus lupulus,SPECIES,EXACT,99.0,https://www.gbif.org/species/2984535,humle,,carried-over (species_split_taxa_gbif_matches.csv),Humulus,Cannabaceae,Rosales,Plantae,Humulus lupulus,new Swedish common name 'humle'
horn?,1,horn,,move to material??,Indet.,Indet.,Indet.,indet.,,,,PENDING,True,no GBIF or SEAD match at any rank; marked uncertain ('?') in the manual mapping,,,,,,,,,,,horn,,,,,,,,
hjortron,1,hjortron,Bake-apple,,Rosales,Rosaceae,Rubus,chamaemorus,Rubus chamaemorus,hjortron,2.0,,False,,species (common name),hjortron,Rubus chamaemorus,Plantae,2998290.0,Rubus chamaemorus,SPECIES,EXACT,99.0,https://www.gbif.org/species/2998290,hjortron,,carried-over (species_split_taxa_gbif_matches.csv),Rubus,Rosaceae,Rosales,Plantae,Rubus chamaemorus,"new taxon 'Rubus chamaemorus' (author_id NULL) (existing match is author-attributed, so a fresh one was needed); new Swedish common name 'hjortron'"
hampa,1,hampa,Grass,,Rosales,Cannabaceae,Cannabis,sativa,Cannabis sativa,hampa,2.0,,False,,species (common name),hampa,Cannabis sativa,Plantae,5361880.0,Cannabis sativa,SPECIES,EXACT,100.0,https://www.gbif.org/species/5361880,hampa,,carried-over (species_split_taxa_gbif_matches.csv),Cannabis,Cannabaceae,Rosales,Plantae,Cannabis sativa,"new taxon 'Cannabis sativa' (author_id NULL) (existing match is author-attributed, so a fresh one was needed); new Swedish common name 'hampa'"
gåsört,1,gåsört,Silverweed Cinquefoil,,Rosales,Rosaceae,Argentina,anserina ssp anserina,Argentina anserina ssp anserina,gåsört,2.0,,False,,species (common name),gåsört,Argentina anserina ssp anserina,Plantae,7272211.0,Argentina anserina anserina,SUBSPECIES,EXACT,100.0,https://www.gbif.org/species/7272211,gåsört,,carried-over (species_split_taxa_gbif_matches.csv),Argentina,Rosaceae,Rosales,Plantae,Argentina anserina ssp anserina,
furu,1,furu,,,Pinales,Pinaceae,Pinus,sylvestris var sylvestris,Pinus sylvestris var sylvestris,tall,2.0,TRUE,True,no GBIF or SEAD match at any rank,,,,,,,,,,,furu,,,,,,,,
fårlort?,1,fårlort,,,Indet.,Indet.,Indet.,indet.,,,,PENDING,True,no GBIF or SEAD match at any rank; marked uncertain ('?') in the manual mapping,,,,,,,,,,,fårlort,,,,,,,,
gnagare,1,gnagare,Rodent,,Rodentia,Rodentia indet,Rodentia indet indet,indet.,Rodentia indet indet indet.,gnagare,2.0,,False,,animal (order),gnagare,,Animalia,1459.0,Rodentia,ORDER,EXACT,96.0,https://www.gbif.org/species/1459,gnagare,,carried-over (species_split_taxa_gbif_matches.csv),,,Rodentia,Animalia,Rodentia,new order 'Rodentia'; new family 'Rodentia indet'; new genus 'Rodentia indet indet'; new taxon 'Rodentia indet indet indet.' (author_id NULL); new Swedish common name 'gnagare'
fågelbär,1,fågelbär,Gean Cherry,,Rosales,Rosaceae,Prunus,avium,Prunus avium,fågelbär,2.0,TRUE,True,weak GBIF match (VERNACULAR),gbif only (no prior SEAD anchor),,,Plantae,160021192.0,Prunus avium,SPECIES,VERNACULAR,,,fågelbär,,species/search (vernacular),Prunus,Rosaceae,Rosales,Plantae,,new taxon 'Avium' (author_id NULL); new Swedish common name 'fågelbär'
cf betula sp,1,cf betula sp,Birch,,Fagales,Betulaceae,Betula,sp.,Betula sp.,Birch,1.0,,False,,genus (latin),,,Plantae,2875008.0,Betula,GENUS,HIGHERRANK,95.0,https://www.gbif.org/species/2875008,betula,,carried-over (species_split_taxa_gbif_matches.csv),Betula,Betulaceae,Fagales,Plantae,Betula,new English common name 'Birch'
cf avena sp,1,cf avena sp,Oat,,Poales,Poaceae,Avena,sp.,Avena sp.,Oat,1.0,,False,,genus (latin),,,Plantae,2705282.0,Avena,GENUS,HIGHERRANK,95.0,https://www.gbif.org/species/2705282,avena,,carried-over (species_split_taxa_gbif_matches.csv),Avena,Poaceae,Poales,Plantae,Avena,new English common name 'Oat'
cf populus sp,1,cf populus sp,"Aspen, Cottonwood, Poplar",,Salicales,Salicaceae,Populus,sp.,Populus sp.,"Aspen, Cottonwood, Poplar",1.0,,False,,genus (latin),,,Plantae,3040183.0,Populus,GENUS,EXACT,96.0,https://www.gbif.org/species/3040183,populus,,carried-over (species_split_taxa_gbif_matches.csv),Populus,Salicaceae,Malpighiales,Plantae,Populus,"new English common name 'Aspen, Cottonwood, Poplar'"
dicoccum,1,dicoccum,,,Poales,Poaceae,Triticum,dicoccum,,,,TRUE,True,no GBIF or SEAD match at any rank,,,,,,,,,,,dicoccum,,,,,,,,No common name
cyperaceae,1,cyperaceae,Sedge,,Poales,Cyperaceae,Cyperaceae,indet.,Cyperaceae indet.,Sedge,1.0,,False,,genus (latin),,,Plantae,7708.0,Cyperaceae,FAMILY,EXACT,96.0,https://www.gbif.org/species/7708,cyperaceae,,carried-over (species_split_taxa_gbif_matches.csv),,Cyperaceae,Poales,Plantae,Cyperaceae,new English common name 'Sedge'
dinkel,1,dinkel,,,Poales,Poaceae,Triticum,spelta,Triticum spelta,dinkel,2.0,TRUE,True,weak GBIF match (VERNACULAR),gbif only (no prior SEAD anchor),,,Plantae,159501969.0,Triticum spelta,SPECIES,VERNACULAR,,,dinkel,,species/search (vernacular),Triticum,Poaceae,Poales,Plantae,,new Swedish common name 'dinkel'
dån,1,dån,,,Lamiales,Lamiaceae,Galeopsis,spp.,Galeopsis sp.,dån,2.0,TRUE,True,"ambiguous genus suffix match, candidates: Galeopsis, Leucas; weak GBIF match (VERNACULAR)","genus (suffix, ambiguous)",,,Plantae,160016506.0,Galeopsis,GENUS,VERNACULAR,,,dån,"Galeopsis, Leucas",species/search (vernacular),Galeopsis,Lamiaceae,Lamiales,Plantae,,new Swedish common name 'dån'
iris,1,iris,Iris,,Asparagales,Iridaceae,Iris,indet.,Iris indet.,Iris,1.0,,False,,genus (latin),,,Plantae,2748017.0,Iris,GENUS,EXACT,96.0,https://www.gbif.org/species/2748017,iris,,carried-over (species_split_taxa_gbif_matches.csv),Iris,Iridaceae,Asparagales,Plantae,Iris,new taxon 'Iris indet.' (author_id NULL); new English common name 'Iris'
jlvträd?,1,jlvträd,,description,Indet.,Indet.,Indet.,indet.,,,,PENDING,True,no GBIF or SEAD match at any rank; marked uncertain ('?') in the manual mapping,,,,,,,,,,,jlvträd,,,,,,,,
hägg,1,hägg,,,Rosales,Rosaceae,Prunus,padus ssp padus,Prunus padus ssp padus,hägg,2.0,,False,,species (common name),hägg,Prunus padus ssp padus,Plantae,8006007.0,Prunus padus padus,SUBSPECIES,EXACT,100.0,https://www.gbif.org/species/8006007,hägg,,carried-over (species_split_taxa_gbif_matches.csv),Prunus,Rosaceae,Rosales,Plantae,Prunus padus ssp padus,
höna,1,höna,Domestic Chicken,,Galliformes,Phasianidae,Gallus,gallus domesticus,Gallus gallus domesticus,höna,2.0,,False,,animal (common name),höna,Gallus gallus domesticus,Animalia,9457155.0,Gallus gallus domesticus,FORM,EXACT,99.0,https://www.gbif.org/species/9457155,höna,,carried-over (species_split_taxa_gbif_matches.csv),Gallus,Phasianidae,Galliformes,Animalia,Gallus gallus domesticus,new order 'Galliformes'; new family 'Phasianidae'; new genus 'Gallus'; new taxon 'Gallus gallus domesticus' (author_id NULL); new Swedish common name 'höna'
murgröna,1,murgröna,Common Ivy,,Apiales,Araliaceae,Hedera,helix,Hedera helix,murgröna,2.0,,False,,species (common name),murgröna,Hedera helix,Plantae,8351737.0,Hedera helix,SPECIES,EXACT,99.0,https://www.gbif.org/species/8351737,murgröna,,carried-over (species_split_taxa_gbif_matches.csv),Hedera,Araliaceae,Apiales,Plantae,Hedera helix,"new taxon 'Hedera helix' (author_id NULL) (existing match is author-attributed, so a fresh one was needed); new Swedish common name 'murgröna'"
mört,1,mört,Common Roach,,Cypriniformes,Cyprinidae,Rutilus,rutilus,Rutilus rutilus,mört,2.0,,False,,animal (common name),mört,Rutilus rutilus,Animalia,2359706.0,Rutilus rutilus,SPECIES,EXACT,100.0,https://www.gbif.org/species/2359706,mört,,carried-over (species_split_taxa_gbif_matches.csv),Rutilus,Cyprinidae,Cypriniformes,Animalia,Rutilus rutilus,new order 'Cypriniformes'; new family 'Cyprinidae'; new genus 'Rutilus'; new taxon 'Rutilus rutilus' (author_id NULL); new Swedish common name 'mört'
nypon,1,nypon,,,Rosales,Rosaceae,Rosa,dumalis,,nyponros,2.0,TRUE,True,no GBIF or SEAD match at any rank,,,,,,,,,,,nypon,,,,,,,,new Swedish common name 'nyponros'
ogräs,1,ogräs,,pseduospecies,Indet.,Indet.,Indet.,indet.,,,,PENDING,True,no GBIF or SEAD match at any rank,,,,,,,,,,,ogräs,,,,,,,,
matrester?,1,brända matrester,,description,Indet.,Indet.,Indet.,indet.,,,,PENDING,True,no GBIF or SEAD match at any rank; marked uncertain ('?') in the manual mapping,,,,,,,,,,,matrester,,,,,,,,
mossa,1,mossa,,description,Indet.,Indet.,Indet.,indet.,,,,PENDING,True,no GBIF or SEAD match at any rank,,,,,,,,,,,mossa,,,,,,,,
häst eller nötkreatur?,1,häst eller nötkreatur,,pseduospecies,Indet.,Indet.,Indet.,indet.,,,,PENDING,True,no GBIF or SEAD match at any rank; marked uncertain ('?') in the manual mapping,,,,,,,,,,,häst eller nötkreatur,,,,,,,häst eller nötkreatur,
korgblommiga växter,1,korgblommiga växter,,,Asterales,Asteraceae,Asteraceae Indet.,Indet.,,korgblommiga växter,2.0,TRUE,True,no GBIF or SEAD match at any rank,,,,,,,,,,,korgblommiga växter,,,,,,,korgblommiga växter,new genus 'Asteraceae Indet.'; new taxon 'indet.' (author_id NULL); new Swedish common name 'korgblommiga växter'
lager?,1,lager,,,Indet.,Indet.,Indet.,indet.,,,,PENDING,True,no GBIF or SEAD match at any rank; marked uncertain ('?') in the manual mapping,,,,,,,,,,,lager,,,,,,,,
kärrsköldpadda,1,kärrsköldpadda,European Pond Terrapin,,,Emydidae,Emys,orbicularis,Emys orbicularis,kärrsköldpadda,2.0,,False,,animal (common name),kärrsköldpadda,Emys orbicularis,Animalia,8909809.0,Emys orbicularis,SPECIES,EXACT,100.0,https://www.gbif.org/species/8909809,kärrsköldpadda,,carried-over (species_split_taxa_gbif_matches.csv),Emys,Emydidae,,Animalia,Emys orbicularis,new family 'Emydidae'; new genus 'Emys'; new taxon 'Emys orbicularis' (author_id NULL); new Swedish common name 'kärrsköldpadda'
lamm,1,lamm,Domestic Sheep,,Artiodactyla,Bovidae,Ovis,aries,Ovis aries,lamm,2.0,,False,,animal (common name),lamm,Ovis aries,Animalia,2441110.0,Ovis aries,SPECIES,EXACT,99.0,https://www.gbif.org/species/2441110,lamm,,carried-over (species_split_taxa_gbif_matches.csv),Ovis,Bovidae,Artiodactyla,Animalia,Ovis aries,new order 'Artiodactyla'; new family 'Bovidae'; new genus 'Ovis'; new taxon 'Ovis aries' (author_id NULL); new Swedish common name 'lamm'
markvegetation?,1,bränd markvegetation,,pseduospecies,Indet.,Indet.,Indet.,indet.,,,,PENDING,True,no GBIF or SEAD match at any rank; marked uncertain ('?') in the manual mapping,,,,,,,,,,,markvegetation,,,,,,,,
revormstörel,1,revormstörel,Madwoman's Milk,,Malpighiales,Euphorbiaceae,Euphorbia,helioscopia,Euphorbia helioscopia,revormstörel,2.0,,False,,species (common name),revormstörel,Euphorbia helioscopia,Plantae,3066367.0,Euphorbia helioscopia,SPECIES,EXACT,99.0,https://www.gbif.org/species/3066367,revormstörel,,carried-over (species_split_taxa_gbif_matches.csv),Euphorbia,Euphorbiaceae,Malpighiales,Plantae,Euphorbia helioscopia,"new taxon 'Euphorbia helioscopia' (author_id NULL) (existing match is author-attributed, so a fresh one was needed); new Swedish common name 'revormstörel'"
ramslök,1,ramslök,,,Apiales,Araliaceae,Allium,ursinum,Allium ursinum,ramslök,2.0,,False,,species (common name),ramslök,Allium ursinum,Plantae,2857601.0,Allium ursinum,SPECIES,EXACT,100.0,https://www.gbif.org/species/2857601,ramslök,,carried-over (species_split_taxa_gbif_matches.csv),Allium,Amaryllidaceae,Asparagales,Plantae,Allium ursinum,"new taxon 'Allium ursinum' (author_id NULL) (existing match is author-attributed, so a fresh one was needed); new Swedish common name 'ramslök'"
palsternacka,1,palsternacka,Wild Parsnip,,Apiales,Apiaceae,Pastinaca,sativa var sativa,Pastinaca sativa var sativa,palsternacka,2.0,,False,,species (common name),palsternacka,Pastinaca sativa var sativa,Plantae,7508930.0,Pastinaca sativa sativa,VARIETY,EXACT,100.0,https://www.gbif.org/species/7508930,palsternacka,,carried-over (species_split_taxa_gbif_matches.csv),Pastinaca,Apiaceae,Apiales,Plantae,Pastinaca sativa var sativa,
poaceae indet,1,poaceae indet,Cereal,,Poales,Poaceae,Poaceae,indet.,Poaceae indet.,Cereal,1.0,,False,,genus (latin),,,Plantae,3073.0,Poaceae,FAMILY,EXACT,96.0,https://www.gbif.org/species/3073,poaceae,,carried-over (species_split_taxa_gbif_matches.csv),,Poaceae,Poales,Plantae,Poaceae,new English common name 'Cereal'
stamknöl,1,stamknöl,,,Indet.,Indet.,Indet.,indet.,,,,PENDING,True,no GBIF or SEAD match at any rank,,,,,,,,,,,stamknöl,,,,,,,,
staeefrukter?,1,staeefrukter,,pseduospecies,Indet.,Indet.,Indet.,indet.,,,,PENDING,True,no GBIF or SEAD match at any rank; marked uncertain ('?') in the manual mapping,,,,,,,,,,,staeefrukter,,,,,,,,
skogsolvon,1,skogsolvon,,,Dipsacales,Viburnaceae,Viburnum,opulus,Viburnum opulus,skogsolvon,2.0,TRUE,True,weak GBIF match (VERNACULAR),gbif only (no prior SEAD anchor),,,Plantae,160014689.0,Viburnum opulus,SPECIES,VERNACULAR,,,skogsolvon,,species/search (vernacular),Viburnum,Viburnaceae,Dipsacales,Plantae,,new family 'Viburnaceae'; new taxon 'Viburnum opulus' (author_id NULL); new Swedish common name 'skogsolvon'
stål,1,stål,,move to material??,Indet.,Indet.,Indet.,indet.,,,,PENDING,True,no GBIF or SEAD match at any rank,,,,,,,,,,,stål,,,,,,,,
sik,1,sik,Bourget Whitefish,,Salmoniformes,Salmonidae,Coregonus,lavaretus,Coregonus lavaretus,sik,2.0,,False,,animal (common name),sik,Coregonus lavaretus,Animalia,2351211.0,Coregonus lavaretus,SPECIES,EXACT,100.0,https://www.gbif.org/species/2351211,sik,,carried-over (species_split_taxa_gbif_matches.csv),Coregonus,Salmonidae,Salmoniformes,Animalia,Coregonus lavaretus,new order 'Salmoniformes'; new family 'Salmonidae'; new genus 'Coregonus'; new taxon 'Coregonus lavaretus' (author_id NULL); new Swedish common name 'sik'
rosoideae,1,rosoideae,,,Rosales,Rosaceae,Rosaceae,indet.,,,,TRUE,True,no GBIF or SEAD match at any rank,,,,,,,,,,,rosoideae,,,,,,,,No common name
rosväxt,1,rosväxt,,,Rosales,Rosaceae,Rosaceae,indet.,,,,TRUE,True,no GBIF or SEAD match at any rank,,,,,,,,,,,rosväxt,,,,,,,,No common name
skogskornell,1,skogskornell,Bloodtwig dogwood,,Cornales,Cornaceae,Cornus,sanguinea,Cornus sanguinea,skogskornell,2.0,,False,,species (common name),skogskornell,Cornus sanguinea,Plantae,3082234.0,Cornus sanguinea,SPECIES,EXACT,99.0,https://www.gbif.org/species/3082234,skogskornell,,carried-over (species_split_taxa_gbif_matches.csv),Cornus,Cornaceae,Cornales,Plantae,Cornus sanguinea,"new taxon 'Cornus sanguinea' (author_id NULL) (existing match is author-attributed, so a fresh one was needed); new Swedish common name 'skogskornell'"
småsnärja,1,småsnärja,,,Scytosiphonales,Scytosiphonaceae,Scytosiphon,lomentaria,Scytosiphon lomentaria,småsnärja,2.0,TRUE,True,weak GBIF match (VERNACULAR),gbif only (no prior SEAD anchor),,,Chromista,160001692.0,Scytosiphon lomentaria,SPECIES,VERNACULAR,,,småsnärja,,species/search (vernacular),Scytosiphon,Scytosiphonaceae,Scytosiphonales,Chromista,,new order 'Scytosiphonales'; new family 'Scytosiphonaceae'; new genus 'Scytosiphon'; new taxon 'Scytosiphon indet.' (author_id NULL); new Swedish common name 'småsnärja'
skräppa,1,skräppa,Dock,,Caryophyllales,Polygonaceae,Rumex,sp.,Rumex sp.,skräppa,2.0,,False,,genus (suffix-inferred),,,Plantae,2888942.0,Rumex,GENUS,EXACT,96.0,https://www.gbif.org/species/2888942,skräppa,,carried-over (species_split_taxa_gbif_matches.csv),Rumex,Polygonaceae,Caryophyllales,Plantae,Rumex,new Swedish common name 'skräppa'
smörblomma,1,smörblomma,tall buttercup,,Ranunculales,Ranunculaceae,Ranunculus,acris ssp acris,Ranunculus acris ssp acris,smörblomma,2.0,,False,,species (common name),smörblomma,Ranunculus acris ssp acris,Plantae,7277719.0,Ranunculus acris acris,SUBSPECIES,EXACT,100.0,https://www.gbif.org/species/7277719,smörblomma,,carried-over (species_split_taxa_gbif_matches.csv),Ranunculus,Ranunculaceae,Ranunculales,Plantae,Ranunculus acris ssp acris,
räv,1,räv,American Cross Fox,,Carnivora,Canidae,Vulpes,vulpes,Vulpes vulpes,räv,2.0,,False,,animal (common name),räv,Vulpes vulpes,Animalia,5219243.0,Vulpes vulpes,SPECIES,EXACT,100.0,https://www.gbif.org/species/5219243,räv,,carried-over (species_split_taxa_gbif_matches.csv),Vulpes,Canidae,Carnivora,Animalia,Vulpes vulpes,new order 'Carnivora'; new family 'Canidae'; new genus 'Vulpes'; new taxon 'Vulpes vulpes' (author_id NULL); new Swedish common name 'räv'
tibast,1,tibast,February Daphne,,Malvales,Thymelaeaceae,Daphne,mezereum,Daphne mezereum,tibast,2.0,,False,,species (common name),tibast,Daphne mezereum,Plantae,5420852.0,Daphne mezereum,SPECIES,EXACT,99.0,https://www.gbif.org/species/5420852,tibast,,carried-over (species_split_taxa_gbif_matches.csv),Daphne,Thymelaeaceae,Malvales,Plantae,Daphne mezereum,"new taxon 'Daphne mezereum' (author_id NULL) (existing match is author-attributed, so a fresh one was needed); new Swedish common name 'tibast'"
syska,1,syska,,,Lamiales,Lamiaceae,Stachys,sp.,,syskor,2.0,TRUE,True,"no GBIF or SEAD match at any rank; ambiguous genus suffix match, candidates: Ballota, Moluccella, Stachys","genus (suffix, ambiguous)",,,,,,,,,,syska,"Ballota, Moluccella, Stachys",,,,,,,new Swedish common name 'syskor'
stenbär,1,stenbär,Greenland thornless blackberry,,Rosales,Rosaceae,Rubus,saxatilis,Rubus saxatilis,stenbär,2.0,,False,,species (common name),stenbär,Rubus saxatilis,Plantae,2992808.0,Rubus saxatilis,SPECIES,EXACT,99.0,https://www.gbif.org/species/2992808,stenbär,,carried-over (species_split_taxa_gbif_matches.csv),Rubus,Rosaceae,Rosales,Plantae,Rubus saxatilis,"new taxon 'Rubus saxatilis' (author_id NULL) (existing match is author-attributed, so a fresh one was needed); new Swedish common name 'stenbär'"
triticum vulgare,1,triticum vulgare,,,Poales,Poaceae,Triticum,sp.,Triticum sp.,,,TRUE,True,no Swedish or English common name text available to attach,genus (latin),,,Plantae,7541363.0,Triticum vulgare,SPECIES,EXACT,99.0,,triticum vulgare,,species/match,Triticum,Poaceae,Poales,Plantae,triticum vulgare,no common name
torsk,1,torsk,Atlantic Cod,,Gadiformes,Gadidae,Gadus,morhua,Gadus morhua,torsk,2.0,,False,,animal (common name),torsk,Gadus morhua,Animalia,8084280.0,Gadus morhua,SPECIES,EXACT,100.0,https://www.gbif.org/species/8084280,torsk,,carried-over (species_split_taxa_gbif_matches.csv),Gadus,Gadidae,Gadiformes,Animalia,Gadus morhua,new order 'Gadiformes'; new family 'Gadidae'; new genus 'Gadus'; new taxon 'Gadus morhua' (author_id NULL); new Swedish common name 'torsk'
ticka,1,ticka,Lovage,,Apiales,Apiaceae,Levisticum,indet.,Levisticum indet.,ticka,2.0,,False,,genus (suffix-inferred),,,Plantae,5371771.0,Levisticum,GENUS,EXACT,96.0,https://www.gbif.org/species/5371771,ticka,,carried-over (species_split_taxa_gbif_matches.csv),Levisticum,Apiaceae,Apiales,Plantae,Levisticum,new taxon 'Levisticum indet.' (author_id NULL); new Swedish common name 'ticka'
triticum monococcum,1,triticum monococcum,Einkorn,,Poales,Poaceae,Triticum,monococcum,Triticum monococcum,Einkorn,1.0,,False,,species (latin),,Triticum monococcum,Plantae,7883427.0,Triticum monococcum,SPECIES,EXACT,100.0,,triticum monococcum,,species/match,Triticum,Poaceae,Poales,Plantae,Triticum monococcum,new English common name 'Einkorn'
triticum spelta,1,triticum spelta,Spelt,,Poales,Poaceae,Triticum,spelta,Triticum spelta,Spelt,1.0,,False,,species (latin),,Triticum spelta,Plantae,2706402.0,Triticum spelta,SPECIES,EXACT,100.0,,triticum spelta,,species/match,Triticum,Poaceae,Poales,Plantae,Triticum spelta,new English common name 'Spelt'
vattenklöver,1,vattenklöver,Bog-bean,,Asterales,Menyanthaceae,Menyanthes,trifoliata,Menyanthes trifoliata,vattenklöver,2.0,,False,,species (common name),vattenklöver,Menyanthes trifoliata,Plantae,5341511.0,Menyanthes trifoliata,SPECIES,EXACT,100.0,https://www.gbif.org/species/5341511,vattenklöver,,carried-over (species_split_taxa_gbif_matches.csv),Menyanthes,Menyanthaceae,Asterales,Plantae,Menyanthes trifoliata,"new taxon 'Menyanthes trifoliata' (author_id NULL) (existing match is author-attributed, so a fresh one was needed); new Swedish common name 'vattenklöver'"
tuvull,1,tuvull,Cottongrass,,Poales,Cyperaceae,Eriophorum,vaginatum,Eriophorum vaginatum,tuvull,2.0,,False,,species (common name),tuvull,Eriophorum vaginatum,Plantae,2730185.0,Eriophorum vaginatum,SPECIES,EXACT,99.0,https://www.gbif.org/species/2730185,tuvull,,carried-over (species_split_taxa_gbif_matches.csv),Eriophorum,Cyperaceae,Poales,Plantae,Eriophorum vaginatum,"new taxon 'Eriophorum vaginatum' (author_id NULL) (existing match is author-attributed, so a fresh one was needed); new Swedish common name 'tuvull'"
vattenstäkra,1,vattenstäkra,Fine-Leaved Water-Dropwort,,Apiales,Apiaceae,Oenanthe,aquatica,Oenanthe aquatica,vattenstäkra,2.0,,False,,species (common name),vattenstäkra,Oenanthe aquatica,Plantae,5371888.0,Oenanthe aquatica,SPECIES,EXACT,99.0,https://www.gbif.org/species/5371888,vattenstäkra,,carried-over (species_split_taxa_gbif_matches.csv),Oenanthe,Apiaceae,Apiales,Plantae,Oenanthe aquatica,"new taxon 'Oenanthe aquatica' (author_id NULL) (existing match is author-attributed, so a fresh one was needed); new Swedish common name 'vattenstäkra'"
vial,1,vial,Pea,,Fabales,Fabaceae,Lathyrus,indet.,Lathyrus indet.,vial,2.0,,False,,genus (suffix-inferred),,,Plantae,10356062.0,Lathyrus,GENUS,EXACT,96.0,https://www.gbif.org/species/10356062,vial,,carried-over (species_split_taxa_gbif_matches.csv),Lathyrus,Fabaceae,Fabales,Plantae,Lathyrus,new taxon 'Lathyrus indet.' (author_id NULL); new Swedish common name 'vial'
vinväxter,1,vindruvskärna,,,Vitales,Vitaceae,Vitaceae indet,indet.,Vitaceae indet indet.,vinväxter,2.0,TRUE,True,weak GBIF match (VERNACULAR),gbif only (no prior SEAD anchor),,,Plantae,160006746.0,Vitaceae,FAMILY,VERNACULAR,,,vinväxter,,species/search (vernacular),,Vitaceae,Vitales,Plantae,,new order 'Vitales'; new genus 'Vitaceae indet'; new taxon 'Vitaceae indet indet.' (author_id NULL); new Swedish common name 'vinväxter'
åkerbinda,1,åkerbinda,Black Bindweed,,Caryophyllales,Polygonaceae,Fallopia,convolvulus,Fallopia convolvulus,åkerbinda,2.0,,False,,species (common name),åkerbinda,Fallopia convolvulus,Plantae,6391461.0,Fallopia convolvulus,SPECIES,EXACT,100.0,https://www.gbif.org/species/6391461,åkerbinda,,carried-over (species_split_taxa_gbif_matches.csv),Fallopia,Polygonaceae,Caryophyllales,Plantae,Fallopia convolvulus,new Swedish common name 'åkerbinda'
åkerkrassling,1,åkerkrassling,,,Brassicales,Brassicaceae,Lepidium,indet.,Lepidium indet.,åkerkrassing,2.0,,True,no GBIF or SEAD match at any rank,,,,,,,,,,,åkerkrassling,,,,,,,,new taxon 'indet.' (author_id NULL); new Swedish common name 'åkerkrassing'
åkerpilört,1,åkerpilört,,,Caryophyllales,Polygonaceae,Persicaria,maculosa ssp maculosa,Persicaria maculosa ssp maculosa,åkerpilört,2.0,TRUE,False,,species (common name),åkerpilört,Persicaria maculosa ssp maculosa,Plantae,7291447.0,Persicaria maculosa maculosa,VARIETY,EXACT,96.0,https://www.gbif.org/species/7291447,åkerpilört,,carried-over (species_split_taxa_gbif_matches.csv),Persicaria,Polygonaceae,Caryophyllales,Plantae,Persicaria maculosa ssp maculosa,
