manual_species,count,match_level,sead_common_name,sead_species_name,kingdom,gbif_usage_key,gbif_canonical_name,gbif_rank,gbif_match_type,gbif_confidence,gbif_url,species_split_english,contributing_species_split,latin_text,ambiguous_genus_candidates,gbif_source,gbif_genus,gbif_family,gbif_order,gbif_kingdom,gbif_candidate,resolved_order,resolved_order_is_new,resolved_family,resolved_family_is_new,resolved_genus,resolved_genus_is_new,resolved_species,resolved_scientific_name,taxon_id,taxon_id_is_new,matched_existing_taxon,common_name_id,common_name_id_is_new,common_name_text,common_name_language,taxonomy_changes_needed,needs_manual_review,review_reason
al,6281,"genus (suffix, ambiguous)",,,,,,,,,,,"al, albark, alknopp, alkottar, alkotte",al,"Alnus, Lathyrus",,,,,,,,False,,False,,False,,,,False,False,,False,,,,True,"no GBIF or SEAD match at any rank; ambiguous genus suffix match, candidates: Alnus, Lathyrus"
tall,3046,species (common name),tall,Pinus sylvestris var sylvestris,Plantae,7230693.0,Pinus sylvestris sylvestris,VARIETY,EXACT,100.0,https://www.gbif.org/species/7230693,Baltic pine,"kottefjäll tall, kottefjäll. tall, tall, tallbark, tallbarr, tallkotte, tallkottefjäll, talll",tall,,carried-over (species_split_taxa_gbif_matches.csv),Pinus,Pinaceae,Pinales,Plantae,Pinus sylvestris var sylvestris,Pinales,False,Pinaceae,False,Pinus,False,sylvestris var sylvestris,Pinus sylvestris var sylvestris,3613,False,True,2797,False,tall,2,,False,
korn,2231,"genus (suffix, ambiguous)",,,,,,,,,,,"korn, kornhalm, skalkorn",korn,"Impatiens, Hordelymus, Hordeum",,,,,,,,False,,False,,False,,,,False,False,,False,,,,True,"no GBIF or SEAD match at any rank; ambiguous genus suffix match, candidates: Impatiens, Hordelymus, Hordeum"
björk,2083,genus (suffix-inferred),,,Plantae,2875008.0,Betula,GENUS,HIGHERRANK,95.0,https://www.gbif.org/species/2875008,Birch,"bjrök, björk, björk bulk, björkl, björknäver",björk,,carried-over (species_split_taxa_gbif_matches.csv),Betula,Betulaceae,Fagales,Plantae,Betula,Fagales,False,Betulaceae,False,Betula,False,sp.,Betula sp.,18086,False,True,4273,True,björk,2,new Swedish common name 'björk',False,
ek,1809,species (common name),ek,Quercus robur,Plantae,2878688.0,Quercus robur,SPECIES,EXACT,99.0,https://www.gbif.org/species/2878688,Common Oak,"ek, ek bulk, ekbark, ekl, ekollon",ek,,carried-over (species_split_taxa_gbif_matches.csv),Quercus,Fagaceae,Fagales,Plantae,Quercus robur,Fagales,False,Fagaceae,False,Quercus,False,robur,Quercus robur,47010,True,False,4274,True,ek,2,new taxon 'Quercus robur' (author_id NULL); new Swedish common name 'ek',False,
ko,1767,animal (common name),ko,Bos taurus,Animalia,2441022.0,Bos taurus,SPECIES,EXACT,100.0,https://www.gbif.org/species/2441022,Aurochs,"kalv, ko",ko,,carried-over (species_split_taxa_gbif_matches.csv),Bos,Bovidae,Artiodactyla,Animalia,Bos taurus,Artiodactyla,True,Bovidae,True,Bos,True,taurus,Bos taurus,47011,True,False,4275,True,ko,2,new order 'Artiodactyla'; new family 'Bovidae'; new genus 'Bos'; new taxon 'Bos taurus' (author_id NULL); new Swedish common name 'ko',False,
hassel,1712,species (common name),hassel,Corylus avellana,Plantae,2875979.0,Corylus avellana,SPECIES,EXACT,99.0,https://www.gbif.org/species/2875979,Barcelona-nuts,"hasel, hassel, hasselnöt, hasselskal, obränd hasselnöt",hassel,,carried-over (species_split_taxa_gbif_matches.csv),Corylus,Betulaceae,Fagales,Plantae,Corylus avellana,Fagales,False,Corylaceae,False,Corylus,False,avellana,Corylus avellana,47012,True,False,4276,True,hassel,2,new taxon 'Corylus avellana' (author_id NULL); new Swedish common name 'hassel',False,
gran,1258,species (common name),gran,Picea abies ssp abies,Plantae,7306267.0,Picea abies abies,SUBSPECIES,EXACT,100.0,https://www.gbif.org/species/7306267,,"enmöjl gran, förkolnade granbarr, gran, granbar, granbark, granbarr, grankvist, kottefjäll gran",gran,,carried-over (species_split_taxa_gbif_matches.csv),Picea,Pinaceae,Pinales,Plantae,Picea abies ssp abies,Pinales,False,Pinaceae,False,Picea,False,abies ssp abies,Picea abies ssp abies,3591,False,True,2782,False,gran,2,,False,
ran,1183,"genus (suffix, ambiguous)",,,,,,,,,,,ran,ran,"Abies, Picea, Pseudotsuga, Taxus",,,,,,,,False,,False,,False,,,,False,False,,False,,,,True,"no GBIF or SEAD match at any rank; ambiguous genus suffix match, candidates: Abies, Picea, Pseudotsuga, Taxus"
människa,1173,animal (common name),människa,Homo sapiens,Animalia,2436436.0,Homo sapiens,SPECIES,EXACT,100.0,https://www.gbif.org/species/2436436,Human,"männinska, människa, männska",människa,,carried-over (species_split_taxa_gbif_matches.csv),Homo,Hominidae,Primates,Animalia,Homo sapiens,Primates,False,Hominidae,False,Homo,False,sapiens,Homo sapiens,47013,True,False,4277,True,människa,2,new taxon 'Homo sapiens' (author_id NULL); new Swedish common name 'människa',False,
cf salix sp,936,genus (latin),,,Plantae,3039576.0,Salix,GENUS,EXACT,95.0,https://www.gbif.org/species/3039576,Sallow,"cf salix sp, salix, salix sp",salix,,carried-over (species_split_taxa_gbif_matches.csv),Salix,Salicaceae,Malpighiales,Plantae,Salix,Salicales,False,Salicaceae,False,Salix,False,sp.,Salix sp.,18215,False,True,4278,True,Sallow,1,new English common name 'Sallow',False,
cerealia,844,genus (latin),,,Plantae,6.0,Plantae,KINGDOM,HIGHERRANK,99.0,https://www.gbif.org/species/6,Plants,"ceerealia indet, ceralia, cerealia, cerealia frag, cerealia idet, cerealia indet, cerealia sp, cerealis indet, cerelia indet, cereralia, cf cerealia, crerealia indet, halm, halmstrå, sädeskorn",cerealia,,carried-over (species_split_taxa_gbif_matches.csv),,,,Plantae,Cerealia,Cerealia,False,Cerealia,False,Cerealia,False,indet.,Cerealia indet.,17995,False,True,4279,True,Plants,1,new English common name 'Plants',False,
plant indet?,804,,,,,,,,,,,,"baljfragment, ev. harts, frökapsel, fröskal, förkolnad ört, förkolnade rottrådar, gräs, grässtrå, grässtrån, gröt, harts, harts eller träkol, lid, löbträd, lövträ, lövträd, pollen, rhizom, rot, rotfilt, rotfilt örtstam, rotfragment, rotknöl, rottråd, rottrådar, rotttrådar, samt träkol, starr nöt, strå och örtfragment, träkol, växtdelar ört, ört, örtdelar, örtfragment, örtstam, örtstam och rot, örtstjälk, örtstjälkar",plant,,,,,,,,,False,,False,,False,,,,False,False,,False,,,,True,no GBIF or SEAD match at any rank; marked uncertain ('?') in the manual mapping
indet?,610,,,,,,,,,,,,"förkolnad, förkolnade, indet, kotefjjäl, kottefjäll, kvist, kvistspetsar, obestämt, obränd, oförkolnat material, oid, oid., okänt ursprung, organisk massa, ospec, ospec., smidesloppor, snöre, sot i keramik, sotig jord, stamdelar ört, stjälkar förkolnad, strå, strån, terrest, textil, textilfragment, torne, tågvirke",indet,,,,,,,,,False,,False,,False,,,,False,False,,False,,,,True,no GBIF or SEAD match at any rank; marked uncertain ('?') in the manual mapping
däggdjur?,551,animal (common name),nörkreatur,Bos taurus,Animalia,2441022.0,Bos taurus,SPECIES,EXACT,100.0,https://www.gbif.org/species/2441022,Aurochs,"däggdjur, däggfjur, hovdjur, hår, litet däggdjur, nörkreatur, nöt, nötboskap, nötfiber, nöthår, nötkreatur, nötkrestur, stor gräsätare, större däggdjur, tagel, ötkreatur",däggdjur,,carried-over (species_split_taxa_gbif_matches.csv),Bos,Bovidae,Artiodactyla,Animalia,Bos taurus,Artiodactyla,True,Bovidae,True,Bos,True,taurus,Bos taurus,47011,True,False,4280,True,däggdjur,2,new order 'Artiodactyla'; new family 'Bovidae'; new genus 'Bos'; new taxon 'Bos taurus' (author_id NULL); new Swedish common name 'däggdjur',True,marked uncertain ('?') in the manual mapping
ask,374,species (common name),ask,Fraxinus excelsior,Plantae,3172358.0,Fraxinus excelsior,SPECIES,EXACT,99.0,https://www.gbif.org/species/3172358,Ash,"ask, askl",ask,,carried-over (species_split_taxa_gbif_matches.csv),Fraxinus,Oleaceae,Lamiales,Plantae,Fraxinus excelsior,Lamiales,False,Oleaceae,False,Fraxinus,False,excelsior,Fraxinus excelsior,47014,True,False,4281,True,ask,2,new taxon 'Fraxinus excelsior' (author_id NULL); new Swedish common name 'ask',False,
en,349,species (common name),en,Juniperus communis ssp communis,Plantae,6319348.0,Juniperus communis communis,SUBSPECIES,EXACT,100.0,https://www.gbif.org/species/6319348,Common Juniper,"en, enbark, enbär, enfrön, enkorn, enmöjl gran",en,,carried-over (species_split_taxa_gbif_matches.csv),Juniperus,Cupressaceae,Pinales,Plantae,Juniperus communis ssp communis,Pinales,False,Cupressaceae,False,Juniperus,False,communis ssp communis,Juniperus communis ssp communis,1880,False,True,1510,False,en,2,,False,
matskorpa?,325,,,,,,,,,,,,"matskopa, matskorpa, matskorpa (ins), matskorpa (sol)",matskorpa,,,,,,,,,False,,False,,False,,,,False,False,,False,,,,True,no GBIF or SEAD match at any rank; marked uncertain ('?') in the manual mapping
asp,320,species (common name),asp,Populus tremula,Plantae,3040249.0,Populus tremula,SPECIES,EXACT,100.0,https://www.gbif.org/species/3040249,Aspen,asp,asp,,carried-over (species_split_taxa_gbif_matches.csv),Populus,Salicaceae,Malpighiales,Plantae,Populus tremula,Salicales,False,Salicaceae,False,Populus,False,tremula,Populus tremula,47015,True,False,4282,True,asp,2,new taxon 'Populus tremula' (author_id NULL); new Swedish common name 'asp',False,
emmervete,278,species (common name),emmervete,Triticum turgidum,Plantae,2706406.0,Triticum turgidum,SPECIES,EXACT,99.0,https://www.gbif.org/species/2706406,Rivet Wheat,"emme, emmer, emmervete, spelt- emmervete",emmervete,,carried-over (species_split_taxa_gbif_matches.csv),Triticum,Poaceae,Poales,Plantae,Triticum turgidum,Poales,False,Poaceae,False,Triticum,False,turgidum,Triticum turgidum,47016,True,False,4283,True,emmervete,2,new taxon 'Triticum turgidum' (author_id NULL); new Swedish common name 'emmervete',False,
vete,271,species (common name),vete,Triticum aestivum,Plantae,7795888.0,Triticum aestivum,SPECIES,EXACT,99.0,https://www.gbif.org/species/7795888,Bread Wheat,"skalvete, vete",vete,,carried-over (species_split_taxa_gbif_matches.csv),Triticum,Poaceae,Poales,Plantae,Triticum aestivum,Poales,False,Poaceae,False,Triticum,False,aestivum,Triticum aestivum,47017,True,False,4284,True,vete,2,new taxon 'Triticum aestivum' (author_id NULL); new Swedish common name 'vete',False,
lin,239,species (common name),lin,Linum usitatissimum,Plantae,2873861.0,Linum usitatissimum,SPECIES,EXACT,99.0,https://www.gbif.org/species/2873861,Common Flax,"lin, linfiber, linfrö",lin,,carried-over (species_split_taxa_gbif_matches.csv),Linum,Linaceae,Malpighiales,Plantae,Linum usitatissimum,Malpighiales,False,Linaceae,False,Linum,False,usitatissimum,Linum usitatissimum,47018,True,False,4285,True,lin,2,new taxon 'Linum usitatissimum' (author_id NULL); new Swedish common name 'lin',False,
trä?,220,,,,,,,,,,,,"bark, barr, barrträd, basstamdelar, knopp",trä,,,,,,,,,False,,False,,False,,,,False,False,,False,,,,True,no GBIF or SEAD match at any rank; marked uncertain ('?') in the manual mapping
lind,220,species (common name),lind,Tilia cordata,Plantae,3152047.0,Tilia cordata,SPECIES,EXACT,99.0,https://www.gbif.org/species/3152047,Linden,"lind, lindbark, lindbast",lind,,carried-over (species_split_taxa_gbif_matches.csv),Tilia,Malvaceae,Malvales,Plantae,Tilia cordata,Malvales,False,Tiliaceae,False,Tilia,False,cordata,Tilia cordata,47019,True,False,4286,True,lind,2,new taxon 'Tilia cordata' (author_id NULL); new Swedish common name 'lind',False,
speltvete,186,species (common name),speltvete,Triticum spelta,Plantae,2706402,Triticum spelta,SPECIES,EXACT,100,,Spelt,"spel, spelt, spelt- emmervete",speltvete,,species/match,Triticum,Poaceae,Poales,Plantae,Triticum spelta,Poales,False,Poaceae,False,Triticum,False,spelta,Triticum spelta,18227,False,True,4287,True,speltvete,2,new Swedish common name 'speltvete',False,
maloideae,179,,,,,,,,,,,,"maloidea, maloideae, maloidear",maloideae,,,,,,,,,False,,False,,False,,,,False,False,,False,,,,True,no GBIF or SEAD match at any rank
lönn,175,species (common name),lönn,Acer platanoides,Plantae,3189846.0,Acer platanoides,SPECIES,EXACT,100.0,https://www.gbif.org/species/3189846,Norway Maple,lönn,lönn,,carried-over (species_split_taxa_gbif_matches.csv),Acer,Sapindaceae,Sapindales,Plantae,Acer platanoides,Alismatales,False,Acoraceae,False,Acer,False,platanoides,Acer platanoides,47020,True,False,4288,True,lönn,2,new taxon 'Acer platanoides' (author_id NULL); new Swedish common name 'lönn',False,
naket?,161,,,,,,,,,,,,"najet korn, naket, naket kor, naket korn",naket,,,,,,,,,False,,False,,False,,,,False,False,,False,,,,True,no GBIF or SEAD match at any rank; marked uncertain ('?') in the manual mapping
bröd?,106,,,,,,,,,,,,bröd,bröd,,,,,,,,,False,,False,,False,,,,False,False,,False,,,,True,no GBIF or SEAD match at any rank; marked uncertain ('?') in the manual mapping
pomoideae,103,,,,,,,,,,,,"pomoidea, pomoideae",pomoideae,,,,,,,,,False,,False,,False,,,,False,False,,False,,,,True,no GBIF or SEAD match at any rank
råg,98,species (common name),råg,Secale cereale,Plantae,2705966.0,Secale cereale,SPECIES,EXACT,99.0,https://www.gbif.org/species/2705966,Cereal Rye,råg,råg,,carried-over (species_split_taxa_gbif_matches.csv),Secale,Poaceae,Poales,Plantae,Secale cereale,Poales,False,Poaceae,False,Secale,False,cereale,Secale cereale,47021,True,False,4289,True,råg,2,new taxon 'Secale cereale' (author_id NULL); new Swedish common name 'råg',False,
häst,96,animal (common name),häst,Equus caballus,Animalia,2440886.0,Equus caballus,SPECIES,EXACT,100.0,https://www.gbif.org/species/2440886,Alberta Mountain Horse,"häst, hästböna, hästsko, hästspillning, hästtand",häst,,carried-over (species_split_taxa_gbif_matches.csv),Equus,Equidae,Perissodactyla,Animalia,Equus caballus,Perissodactyla,True,Equidae,True,Equus,True,caballus,Equus caballus,47022,True,False,4290,True,häst,2,new order 'Perissodactyla'; new family 'Equidae'; new genus 'Equus'; new taxon 'Equus caballus' (author_id NULL); new Swedish common name 'häst',False,
bok,81,species (common name),bok,Fagus sylvatica,Plantae,2882316.0,Fagus sylvatica,SPECIES,EXACT,100.0,https://www.gbif.org/species/2882316,Beech,bok,bok,,carried-over (species_split_taxa_gbif_matches.csv),Fagus,Fagaceae,Fagales,Plantae,Fagus sylvatica,Fagales,False,Fagaceae,False,Fagus,False,sylvatica,Fagus sylvatica,47023,True,False,4291,True,bok,2,new taxon 'Fagus sylvatica' (author_id NULL); new Swedish common name 'bok',False,
svin,73,animal (common name),svin,Sus scrofa domesticus,Animalia,11374585.0,Sus scrofa domesticus,SUBSPECIES,EXACT,99.0,https://www.gbif.org/species/11374585,Domestic Pig,"get alt. svin, svin, svinbete, tamsvin",svin,,carried-over (species_split_taxa_gbif_matches.csv),Sus,Suidae,Artiodactyla,Animalia,Sus scrofa domesticus,Artiodactyla,True,Suidae,True,Sus,True,scrofa domesticus,Sus scrofa domesticus,47024,True,False,4292,True,svin,2,new order 'Artiodactyla'; new family 'Suidae'; new genus 'Sus'; new taxon 'Sus scrofa domesticus' (author_id NULL); new Swedish common name 'svin',False,
alm,72,"genus (suffix, ambiguous)",,,,,,,,,,,alm,alm,"Cocos, Phoenix, Ulmus",,,,,,,,False,,False,,False,,,,False,False,,False,,,,True,"no GBIF or SEAD match at any rank; ambiguous genus suffix match, candidates: Cocos, Phoenix, Ulmus"
nävesläktet?,68,gbif only (no prior SEAD anchor),,,Plantae,304058091,Geranium,GENUS,VERNACULAR,,,Cranebills,näver,nävesläktet,,species/search (vernacular),Geranium,Geraniaceae,Geraniales,Plantae,,Geraniales,False,Geraniaceae,False,Geranium,False,indet.,Geranium indet.,47025,True,False,4293,True,nävesläktet,2,new taxon 'Geranium indet.' (author_id NULL); new Swedish common name 'nävesläktet',True,weak GBIF match (VERNACULAR); marked uncertain ('?') in the manual mapping
säl,60,animal (family),säl,,Animalia,5310.0,Phocidae,FAMILY,EXACT,96.0,https://www.gbif.org/species/5310,Crawling Seals,säl,säl,,carried-over (species_split_taxa_gbif_matches.csv),,Phocidae,Carnivora,Animalia,Phocidae,Carnivora,True,Phocidae,True,Phocidae indet,True,indet.,Phocidae indet indet.,47026,True,False,4294,True,säl,2,new order 'Carnivora'; new family 'Phocidae'; new genus 'Phocidae indet'; new taxon 'Phocidae indet indet.' (author_id NULL); new Swedish common name 'säl',False,
kubbvete,59,gbif only (no prior SEAD anchor),,,Plantae,160025822,Triticum compactum,SPECIES,VERNACULAR,,,,"bröd- kubbvete, kubbvete",kubbvete,,species/search (vernacular),Triticum,Poaceae,Poales,Plantae,,Poales,False,Poaceae,False,Triticum,False,spp.,Triticum spp.,18240,False,True,4295,True,kubbvete,2,new Swedish common name 'kubbvete',True,weak GBIF match (VERNACULAR)
får,59,animal (common name),får,Ovis aries,Animalia,2441110.0,Ovis aries,SPECIES,EXACT,99.0,https://www.gbif.org/species/2441110,Domestic Sheep,"får, fårtand",får,,carried-over (species_split_taxa_gbif_matches.csv),Ovis,Bovidae,Artiodactyla,Animalia,Ovis aries,Artiodactyla,True,Bovidae,True,Ovis,True,aries,Ovis aries,47027,True,False,4296,True,får,2,new order 'Artiodactyla'; new family 'Bovidae'; new genus 'Ovis'; new taxon 'Ovis aries' (author_id NULL); new Swedish common name 'får',False,
havre,57,species (common name),havre,Avena sativa var sativa,Plantae,7432992.0,Avena sativa sativa,VARIETY,EXACT,100.0,https://www.gbif.org/species/7432992,,"haver, havre",havre,,carried-over (species_split_taxa_gbif_matches.csv),Avena,Poaceae,Poales,Plantae,Avena sativa var sativa,Poales,False,Poaceae,False,Avena,False,sativa var sativa,Avena sativa var sativa,3743,False,True,2882,False,havre,2,,False,
get,49,animal (common name),get,Capra hircus,Animalia,2441056.0,Capra hircus,SPECIES,EXACT,100.0,https://www.gbif.org/species/2441056,Billy Goat,"get, get alt. svin",get,,carried-over (species_split_taxa_gbif_matches.csv),Capra,Bovidae,Artiodactyla,Animalia,Capra hircus,Artiodactyla,True,Bovidae,True,Capra,True,hircus,Capra hircus,47028,True,False,4297,True,get,2,new order 'Artiodactyla'; new family 'Bovidae'; new genus 'Capra'; new taxon 'Capra hircus' (author_id NULL); new Swedish common name 'get',False,
djur?,42,species (common name),tandrot,Cardamine bulbifera,Plantae,3045931.0,Cardamine bulbifera,SPECIES,EXACT,99.0,https://www.gbif.org/species/3045931,Coralroot,"bränt ben, djurben, gräsätare, hjärnsubstans, hörntand, koprolit, läder, tandrot, tjärat nöthår, tänder",djur,,carried-over (species_split_taxa_gbif_matches.csv),Cardamine,Brassicaceae,Brassicales,Plantae,Cardamine bulbifera,Brassicales,False,Brassicaceae,False,Cardamine,False,bulbifera,Cardamine bulbifera,47029,True,False,4298,True,djur,2,new taxon 'Cardamine bulbifera' (author_id NULL); new Swedish common name 'djur',True,marked uncertain ('?') in the manual mapping
brödvete,40,,,,,,,,,,,,"bröd- kubbvete, brödvete",brödvete,,,,,,,,,False,,False,,False,,,,False,False,,False,,,,True,no GBIF or SEAD match at any rank
hjortdjur,29,animal (family),hjortdjur,Cervus elaphus,Animalia,2440958.0,Cervus elaphus,SPECIES,EXACT,100.0,https://www.gbif.org/species/2440958,Barbary Red Deer (barbarus),"hjort, hjortdjur, hjorthår",hjortdjur,,carried-over (species_split_taxa_gbif_matches.csv),Cervus,Cervidae,Artiodactyla,Animalia,Cervus elaphus,Artiodactyla,True,Cervidae,True,Cervus,True,elaphus,Cervus elaphus,47030,True,False,4299,True,hjortdjur,2,new order 'Artiodactyla'; new family 'Cervidae'; new genus 'Cervus'; new taxon 'Cervus elaphus' (author_id NULL); new Swedish common name 'hjortdjur',False,
sol?,28,,,,,,,,,,,,"sol, sol fraktion, sol-fraktion",sol,,,,,,,,,False,,False,,False,,,,False,False,,False,,,,True,no GBIF or SEAD match at any rank; marked uncertain ('?') in the manual mapping
hordeum,26,genus (latin),,,Plantae,2706050.0,Hordeum,GENUS,EXACT,96.0,https://www.gbif.org/species/2706050,Barley,hordeum,hordeum,,carried-over (species_split_taxa_gbif_matches.csv),Hordeum,Poaceae,Poales,Plantae,Hordeum,Poales,False,Poaceae,False,Hordeum,False,sp.,Hordeum sp.,18012,False,True,4300,True,Barley,1,new English common name 'Barley',False,
populus sp,26,genus (latin),,,Plantae,3040183.0,Populus,GENUS,EXACT,96.0,https://www.gbif.org/species/3040183,"Aspen, Cottonwood, Poplar","populus, populus sp",populus,,carried-over (species_split_taxa_gbif_matches.csv),Populus,Salicaceae,Malpighiales,Plantae,Populus,Salicales,False,Salicaceae,False,Populus,False,sp.,Populus sp.,39607,False,True,4301,True,"Aspen, Cottonwood, Poplar",1,"new English common name 'Aspen, Cottonwood, Poplar'",False,
älg,25,animal (common name),älg,Alces alces,Animalia,2440940.0,Alces alces,SPECIES,EXACT,100.0,https://www.gbif.org/species/2440940,Alce,älg,älg,,carried-over (species_split_taxa_gbif_matches.csv),Alces,Cervidae,Artiodactyla,Animalia,Alces alces,Artiodactyla,True,Cervidae,True,Alces,True,alces,Alces alces,47031,True,False,4302,True,älg,2,new order 'Artiodactyla'; new family 'Cervidae'; new genus 'Alces'; new taxon 'Alces alces' (author_id NULL); new Swedish common name 'älg',False,
spelvete,24,species (common name),speltvete,Triticum spelta,Plantae,2706402.0,Triticum spelta,SPECIES,EXACT,100.0,https://www.gbif.org/species/2706402,Spelt,"speltvete, spelvete",spelvete,,carried-over (species_split_taxa_gbif_matches.csv),Triticum,Poaceae,Poales,Plantae,Triticum spelta,Poales,False,Poaceae,False,Triticum,False,spelta,Triticum spelta,18227,False,True,4303,True,spelvete,2,new Swedish common name 'spelvete',False,
hund,22,animal (common name),hund,Canis lupus familiaris,Animalia,6164210.0,Canis lupus familiaris,SUBSPECIES,EXACT,100.0,https://www.gbif.org/species/6164210,Domestic Dog,hund,hund,,carried-over (species_split_taxa_gbif_matches.csv),Canis,Canidae,Carnivora,Animalia,Canis lupus familiaris,Carnivora,True,Canidae,True,Canis,True,lupus familiaris,Canis lupus familiaris,47032,True,False,4304,True,hund,2,new order 'Carnivora'; new family 'Canidae'; new genus 'Canis'; new taxon 'Canis lupus familiaris' (author_id NULL); new Swedish common name 'hund',False,
brudbröd,22,species (common name),brudbröd,Filipendula vulgaris,Plantae,2988069.0,Filipendula vulgaris,SPECIES,EXACT,99.0,https://www.gbif.org/species/2988069,Dropwort,"brudberöd, brudbröd",brudbröd,,carried-over (species_split_taxa_gbif_matches.csv),Filipendula,Rosaceae,Rosales,Plantae,Filipendula vulgaris,Rosales,False,Rosaceae,False,Filipendula,False,vulgaris,Filipendula vulgaris,47033,True,False,4305,True,brudbröd,2,new taxon 'Filipendula vulgaris' (author_id NULL); new Swedish common name 'brudbröd',False,
kronhjort,20,animal (common name),kronhjort,Cervus elaphus,Animalia,2440958.0,Cervus elaphus,SPECIES,EXACT,100.0,https://www.gbif.org/species/2440958,Barbary Red Deer (barbarus),kronhjort,kronhjort,,carried-over (species_split_taxa_gbif_matches.csv),Cervus,Cervidae,Artiodactyla,Animalia,Cervus elaphus,Artiodactyla,True,Cervidae,True,Cervus,True,elaphus,Cervus elaphus,47030,True,False,4306,True,kronhjort,2,new order 'Artiodactyla'; new family 'Cervidae'; new genus 'Cervus'; new taxon 'Cervus elaphus' (author_id NULL); new Swedish common name 'kronhjort',False,
(sol)?,19,,,,,,,,,,,,(sol),(sol),,,,,,,,,False,,False,,False,,,,False,False,,False,,,,True,no GBIF or SEAD match at any rank; marked uncertain ('?') in the manual mapping
brakved,18,species (common name),brakved,Frangula alnus,Plantae,3039454.0,Frangula alnus,SPECIES,EXACT,100.0,https://www.gbif.org/species/3039454,Alder Buckthorn,brakved,brakved,,carried-over (species_split_taxa_gbif_matches.csv),Frangula,Rhamnaceae,Rosales,Plantae,Frangula alnus,Rosales,False,Rhamnaceae,False,Frangula,False,alnus,Frangula alnus,47034,True,False,4307,True,brakved,2,new taxon 'Frangula alnus' (author_id NULL); new Swedish common name 'brakved',False,
cf hordeum vulgare,17,species (latin),,Hordeum vulgare var vulgare,Plantae,2706050.0,Hordeum,GENUS,EXACT,96.0,https://www.gbif.org/species/2706050,Barley,"cf hordeum sp, cf hordeum vulgare, hordeum sp, hordeum vulgare",hordeum vulgare,,carried-over (species_split_taxa_gbif_matches.csv),Hordeum,Poaceae,Poales,Plantae,Hordeum vulgare var vulgare,Poales,False,Poaceae,False,Hordeum,False,vulgare var vulgare,Hordeum vulgare var vulgare,3972,False,True,3054,False,sexradigt korn,2,,False,
ull,14,"genus (suffix, ambiguous)",,,Plantae,160027178,Eriophorum,GENUS,VERNACULAR,,,,"ull, ulltextil",ull,"Eriophorum, Nymphoides, Polemonium",species/search (vernacular),Eriophorum,Cyperaceae,Poales,Plantae,,Poales,False,Cyperaceae,False,Eriophorum,False,sp.,Eriophorum sp.,18253,False,True,4308,True,ull,2,new Swedish common name 'ull',True,"ambiguous genus suffix match, candidates: Eriophorum, Nymphoides, Polemonium; weak GBIF match (VERNACULAR)"
ren,12,animal (common name),ren,Rangifer tarandus,Animalia,5220114.0,Rangifer tarandus,SPECIES,EXACT,100.0,https://www.gbif.org/species/5220114,Caribou,"ren, renhår",ren,,carried-over (species_split_taxa_gbif_matches.csv),Rangifer,Cervidae,Artiodactyla,Animalia,Rangifer tarandus,Artiodactyla,True,Cervidae,True,Rangifer,True,tarandus,Rangifer tarandus,47035,True,False,4309,True,ren,2,new order 'Artiodactyla'; new family 'Cervidae'; new genus 'Rangifer'; new taxon 'Rangifer tarandus' (author_id NULL); new Swedish common name 'ren',False,
prunus sp,12,genus (latin),,,Plantae,3020559.0,Prunus,GENUS,HIGHERRANK,95.0,https://www.gbif.org/species/3020559,"Almond, Cherry, Plum",prunus sp,prunus,,carried-over (species_split_taxa_gbif_matches.csv),Prunus,Rosaceae,Rosales,Plantae,Prunus,Rosales,False,Rosaceae,False,Prunus,False,indet.,Prunus indet.,47036,True,False,4310,True,"Almond, Cherry, Plum",1,"new taxon 'Prunus indet.' (author_id NULL); new English common name 'Almond, Cherry, Plum'",False,
Starrsläktet,12,"genus (suffix, ambiguous)",,,Plantae,296322706,Carex,GENUS,VERNACULAR,,,Sedges,starr,starrsläktet,,species/search (vernacular),Carex,Cyperaceae,Poales,Plantae,,Poales,False,Cyperaceae,False,Carex,False,sp.,Carex sp.,39575,False,True,4311,True,Starrsläktet,2,new Swedish common name 'Starrsläktet',True,ambiguous genus suffix match (candidates not available); weak GBIF match (VERNACULAR)
bäver,11,animal (common name),bäver,Castor fiber,Animalia,4409131.0,Castor fiber,SPECIES,EXACT,100.0,https://www.gbif.org/species/4409131,Beaver,bäver,bäver,,carried-over (species_split_taxa_gbif_matches.csv),Castor,Castoridae,Rodentia,Animalia,Castor fiber,Rodentia,True,Castoridae,True,Castor,True,fiber,Castor fiber,47037,True,False,4312,True,bäver,2,new order 'Rodentia'; new family 'Castoridae'; new genus 'Castor'; new taxon 'Castor fiber' (author_id NULL); new Swedish common name 'bäver',False,
fisk?,11,,,,,,,,,,,,"fisk, fiskben, fiskfjäll",fisk,,,,,,,,,False,,False,,False,,,,False,False,,False,,,,True,no GBIF or SEAD match at any rank; marked uncertain ('?') in the manual mapping
knylhavre,11,species (common name),knylhavre,Arrhenatherum elatius ssp elatius,Plantae,9781113.0,Arrhenatherum elatius elatius,SUBSPECIES,EXACT,100.0,https://www.gbif.org/species/9781113,False Oat-grass,knylhavre,knylhavre,,carried-over (species_split_taxa_gbif_matches.csv),Arrhenatherum,Poaceae,Poales,Plantae,Arrhenatherum elatius ssp elatius,Poales,False,Poaceae,False,Arrhenatherum,False,elatius ssp elatius,Arrhenatherum elatius ssp elatius,3737,False,True,2877,False,knylhavre,2,,False,
triticum,9,genus (latin),,,Plantae,2706388.0,Triticum,GENUS,EXACT,96.0,https://www.gbif.org/species/2706388,Wheat,triticum,triticum,,carried-over (species_split_taxa_gbif_matches.csv),Triticum,Poaceae,Poales,Plantae,Triticum,Poales,False,Poaceae,False,Triticum,False,spp.,Triticum spp.,18240,False,True,4313,True,Wheat,1,new English common name 'Wheat',False,
ljung,9,species (common name),ljung,Calluna vulgaris,Plantae,2882482.0,Calluna vulgaris,SPECIES,EXACT,99.0,https://www.gbif.org/species/2882482,Common Heather,ljung,ljung,,carried-over (species_split_taxa_gbif_matches.csv),Calluna,Ericaceae,Ericales,Plantae,Calluna vulgaris,Ericales,False,Ericaceae,False,Calluna,False,vulgaris,Calluna vulgaris,47038,True,False,4314,True,ljung,2,new taxon 'Calluna vulgaris' (author_id NULL); new Swedish common name 'ljung',False,
vildsvin,9,animal (common name),vildsvin,Sus scrofa,Animalia,7705930.0,Sus scrofa,SPECIES,EXACT,100.0,https://www.gbif.org/species/7705930,Boar,vildsvin,vildsvin,,carried-over (species_split_taxa_gbif_matches.csv),Sus,Suidae,Artiodactyla,Animalia,Sus scrofa,Artiodactyla,True,Suidae,True,Sus,True,scrofa,Sus scrofa,47039,True,False,4315,True,vildsvin,2,new order 'Artiodactyla'; new family 'Suidae'; new genus 'Sus'; new taxon 'Sus scrofa' (author_id NULL); new Swedish common name 'vildsvin',False,
mjölon,9,species (common name),mjölon,Arctostaphylos uva-ursi,Plantae,2882580.0,Arctostaphylos uva-ursi,SPECIES,EXACT,100.0,https://www.gbif.org/species/2882580,Bear-grape,mjölon,mjölon,,carried-over (species_split_taxa_gbif_matches.csv),Arctostaphylos,Ericaceae,Ericales,Plantae,Arctostaphylos uva-ursi,Ericales,False,Ericaceae,False,Arctostaphylos,False,uva-ursi,Arctostaphylos uva-ursi,47040,True,False,4316,True,mjölon,2,new taxon 'Arctostaphylos uva-ursi' (author_id NULL); new Swedish common name 'mjölon',False,
målla,8,"genus (suffix, ambiguous)",,,,,,,,,,,målla,målla,"Atriplex, Axyris, Bassia, Chenopodium",,,,,,,,False,,False,,False,,,,False,False,,False,,,,True,"no GBIF or SEAD match at any rank; ambiguous genus suffix match, candidates: Atriplex, Axyris, Bassia, Chenopodium"
cf pinus sp,8,genus (latin),,,Plantae,2684241.0,Pinus,GENUS,EXACT,96.0,https://www.gbif.org/species/2684241,Deal,cf pinus sp,pinus,,carried-over (species_split_taxa_gbif_matches.csv),Pinus,Pinaceae,Pinales,Plantae,Pinus,Pinales,False,Pinaceae,False,Pinus,False,sp.,Pinus sp.,18197,False,True,4317,True,Deal,1,new English common name 'Deal',False,
svinmålla,8,species (common name),svinmålla,Chenopodium album var album,Plantae,7219474.0,Chenopodium album album,VARIETY,EXACT,100.0,https://www.gbif.org/species/7219474,Lambsquarters,"svinmålla, svinmålla (frö)",svinmålla,,carried-over (species_split_taxa_gbif_matches.csv),Chenopodium,Amaranthaceae,Caryophyllales,Plantae,Chenopodium album var album,Caryophyllales,False,Chenopodiaceae,False,Chenopodium,False,album var album,Chenopodium album var album,1678,False,True,1339,False,svinmålla,2,,False,
cf quercus sp,7,genus (latin),,,Plantae,2877951.0,Quercus,GENUS,EXACT,96.0,https://www.gbif.org/species/2877951,Acorn,cf quercus sp,quercus,,carried-over (species_split_taxa_gbif_matches.csv),Quercus,Fagaceae,Fagales,Plantae,Quercus,Fagales,False,Fagaceae,False,Quercus,False,sp.,Quercus sp.,18172,False,True,4318,True,Acorn,1,new English common name 'Acorn',False,
cf vaccinium sp,7,genus (latin),,,Plantae,2882813.0,Vaccinium,GENUS,EXACT,96.0,https://www.gbif.org/species/2882813,Bilberries,"cf vaccinium sp, vaccinium sp",vaccinium,,carried-over (species_split_taxa_gbif_matches.csv),Vaccinium,Ericaceae,Ericales,Plantae,Vaccinium,Ericales,False,Ericaceae,False,Vaccinium,False,indet.,Vaccinium indet.,47041,True,False,4319,True,Bilberries,1,new taxon 'Vaccinium indet.' (author_id NULL); new English common name 'Bilberries',False,
hallon,7,species (common name),hallon,Rubus idaeus,Plantae,2993094.0,Rubus idaeus,SPECIES,EXACT,99.0,https://www.gbif.org/species/2993094,American Red Raspberry,hallon,hallon,,carried-over (species_split_taxa_gbif_matches.csv),Rubus,Rosaceae,Rosales,Plantae,Rubus idaeus,Rosales,False,Rosaceae,False,Rubus,False,idaeus,Rubus idaeus,18191,False,True,4320,True,hallon,2,new Swedish common name 'hallon',False,
svalört,6,species (common name),svalört,Ranunculus ficaria ssp ficaria,Plantae,8204202.0,Ranunculus ficaria ficaria,SUBSPECIES,EXACT,100.0,https://www.gbif.org/species/8204202,,"svalört, svalörtsrot",svalört,,carried-over (species_split_taxa_gbif_matches.csv),Ficaria,Ranunculaceae,Ranunculales,Plantae,Ranunculus ficaria ssp ficaria,Ranunculales,False,Ranunculaceae,False,Ranunculus,False,ficaria ssp ficaria,Ranunculus ficaria ssp ficaria,4501,False,True,3428,False,svalört,2,,False,
idegran,6,species (common name),idegran,Taxus baccata,Plantae,5284517.0,Taxus baccata,SPECIES,EXACT,99.0,https://www.gbif.org/species/5284517,Canada Yew,idegran,idegran,,carried-over (species_split_taxa_gbif_matches.csv),Taxus,Taxaceae,Pinales,Plantae,Taxus baccata,Pinales,False,Taxaceae,False,Taxus,False,baccata,Taxus baccata,47042,True,False,4321,True,idegran,2,new taxon 'Taxus baccata' (author_id NULL); new Swedish common name 'idegran',False,
igelknopp,6,species (common name),igelknopp,Sparganium emersum,Plantae,2702266.0,Sparganium emersum,SPECIES,EXACT,100.0,https://www.gbif.org/species/2702266,European Bur-reed,"igelknopp, stor igelknopp",igelknopp,,carried-over (species_split_taxa_gbif_matches.csv),Sparganium,Typhaceae,Poales,Plantae,Sparganium emersum,Poales,False,Typhaceae,False,Sparganium,False,emersum,Sparganium emersum,47043,True,False,4322,True,igelknopp,2,new taxon 'Sparganium emersum' (author_id NULL); new Swedish common name 'igelknopp',False,
ärta,6,"genus (suffix, ambiguous)",,,,,,,,,,,ärta,ärta,"Dicentra, Lamprocapnos",,,,,,,,False,,False,,False,,,,False,False,,False,,,,True,"no GBIF or SEAD match at any rank; ambiguous genus suffix match, candidates: Dicentra, Lamprocapnos"
ros,6,"genus (suffix, ambiguous)",,,,,,,,,,,ros,ros,"Helianthus, Taraxacum, Rhododendron, Alcea, Nuphar, Nymphaea, Lathraea, Helleborus, Rosa",,,,,,,,False,,False,,False,,,,False,False,,False,,,,True,"no GBIF or SEAD match at any rank; ambiguous genus suffix match, candidates: Helianthus, Taraxacum, Rhododendron, Alcea, Nuphar, Nymphaea, Lathraea, Helleborus, Rosa"
bärris,6,,,,,,,,,,,,bärris,bärris,,,,,,,,,False,,False,,False,,,,False,False,,False,,,,True,no GBIF or SEAD match at any rank
björn,6,animal (common name),björn,Ursus arctos,Animalia,2433433.0,Ursus arctos,SPECIES,EXACT,100.0,https://www.gbif.org/species/2433433,Brown Bear,björn,björn,,carried-over (species_split_taxa_gbif_matches.csv),Ursus,Ursidae,Carnivora,Animalia,Ursus arctos,Carnivora,True,Ursidae,True,Ursus,True,arctos,Ursus arctos,47044,True,False,4323,True,björn,2,new order 'Carnivora'; new family 'Ursidae'; new genus 'Ursus'; new taxon 'Ursus arctos' (author_id NULL); new Swedish common name 'björn',False,
bränt?,6,,,,,,,,,,,,bränt,bränt,,,,,,,,,False,,False,,False,,,,False,False,,False,,,,True,no GBIF or SEAD match at any rank; marked uncertain ('?') in the manual mapping
cf picea sp,5,genus (latin),,,Plantae,7606064.0,Picea,GENUS,EXACT,95.0,https://www.gbif.org/species/7606064,Spruce,cf picea sp,picea,,carried-over (species_split_taxa_gbif_matches.csv),Picea,Pinaceae,Pinales,Plantae,Picea,Pinales,False,Pinaceae,False,Picea,False,abies ssp abies,Picea abies ssp abies,3591,False,True,2782,False,gran,2,,False,
cf alnus sp,5,genus (latin),,,Plantae,2876099.0,Alnus,GENUS,EXACT,95.0,https://www.gbif.org/species/2876099,Alder,cf alnus sp,alnus,,carried-over (species_split_taxa_gbif_matches.csv),Alnus,Betulaceae,Fagales,Plantae,Alnus,Fagales,False,Betulaceae,False,Alnus,False,sp.,Alnus sp.,18087,False,True,4324,True,Alder,1,new English common name 'Alder',False,
cf tilia sp,5,genus (latin),,,Plantae,3152041.0,Tilia,GENUS,EXACT,96.0,https://www.gbif.org/species/3152041,Basswood,cf tilia sp,tilia,,carried-over (species_split_taxa_gbif_matches.csv),Tilia,Malvaceae,Malvales,Plantae,Tilia,Malvales,False,Tiliaceae,False,Tilia,False,sp.,Tilia sp.,39507,False,True,4325,True,Basswood,1,new English common name 'Basswood',False,
gris,5,animal (common name),gris,Sus scrofa domesticus,Animalia,11374585.0,Sus scrofa domesticus,SUBSPECIES,EXACT,99.0,https://www.gbif.org/species/11374585,Domestic Pig,gris,gris,,carried-over (species_split_taxa_gbif_matches.csv),Sus,Suidae,Artiodactyla,Animalia,Sus scrofa domesticus,Artiodactyla,True,Suidae,True,Sus,True,scrofa domesticus,Sus scrofa domesticus,47024,True,False,4326,True,gris,2,new order 'Artiodactyla'; new family 'Suidae'; new genus 'Sus'; new taxon 'Sus scrofa domesticus' (author_id NULL); new Swedish common name 'gris',False,
poppel,5,genus (suffix-inferred),,,Plantae,3040183.0,Populus,GENUS,EXACT,96.0,https://www.gbif.org/species/3040183,"Aspen, Cottonwood, Poplar",poppel,poppel,,carried-over (species_split_taxa_gbif_matches.csv),Populus,Salicaceae,Malpighiales,Plantae,Populus,Salicales,False,Salicaceae,False,Populus,False,sp.,Populus sp.,39607,False,True,4327,True,poppel,2,new Swedish common name 'poppel',False,
vicker,5,genus (suffix-inferred),,,Plantae,2974751.0,Vicia,GENUS,EXACT,96.0,https://www.gbif.org/species/2974751,Vetch,vicker,vicker,,carried-over (species_split_taxa_gbif_matches.csv),Vicia,Fabaceae,Fabales,Plantae,Vicia,Fabales,False,Fabaceae,False,Vicia,False,sp.,Vicia sp.,39582,False,True,4328,True,vicker,2,new Swedish common name 'vicker',False,
sorbus sp,5,genus (latin),,,Plantae,3012146.0,Sorbus,GENUS,EXACT,96.0,https://www.gbif.org/species/3012146,Mountain Ashes,"sorbus, sorbus sp",sorbus,,carried-over (species_split_taxa_gbif_matches.csv),Sorbus,Rosaceae,Rosales,Plantae,Sorbus,Rosales,False,Rosaceae,False,Sorbus,False,indet.,Sorbus indet.,47045,True,False,4329,True,Mountain Ashes,1,new taxon 'Sorbus indet.' (author_id NULL); new English common name 'Mountain Ashes',False,
vikare,5,animal (common name),vikare,Pusa hispida,Animalia,5219369.0,Pusa hispida,SPECIES,EXACT,100.0,https://www.gbif.org/species/5219369,Arctic Ringed Seal,vikare,vikare,,carried-over (species_split_taxa_gbif_matches.csv),Pusa,Phocidae,Carnivora,Animalia,Pusa hispida,Carnivora,True,Phocidae,True,Pusa,True,hispida,Pusa hispida,47046,True,False,4330,True,vikare,2,new order 'Carnivora'; new family 'Phocidae'; new genus 'Pusa'; new taxon 'Pusa hispida' (author_id NULL); new Swedish common name 'vikare',False,
pilört,5,genus (suffix-inferred),,,Plantae,6390748.0,Persicaria,GENUS,EXACT,95.0,https://www.gbif.org/species/6390748,Knotweed,pilört,pilört,,carried-over (species_split_taxa_gbif_matches.csv),Persicaria,Polygonaceae,Caryophyllales,Plantae,Persicaria,Caryophyllales,False,Polygonaceae,False,Persicaria,False,sp.,Persicaria sp.,39599,False,True,4331,True,pilört,2,new Swedish common name 'pilört',False,
rådjur,4,animal (common name),rådjur,Capreolus capreolus,Animalia,5220126.0,Capreolus capreolus,SPECIES,EXACT,100.0,https://www.gbif.org/species/5220126,Corzo,rådjur,rådjur,,carried-over (species_split_taxa_gbif_matches.csv),Capreolus,Cervidae,Artiodactyla,Animalia,Capreolus capreolus,Artiodactyla,True,Cervidae,True,Capreolus,True,capreolus,Capreolus capreolus,47047,True,False,4332,True,rådjur,2,new order 'Artiodactyla'; new family 'Cervidae'; new genus 'Capreolus'; new taxon 'Capreolus capreolus' (author_id NULL); new Swedish common name 'rådjur',False,
måra,4,"genus (suffix, ambiguous)",,,,,,,,,,,måra,måra,"Asperula, Cruciata, Galium, Phuopsis",,,,,,,,False,,False,,False,,,,False,False,,False,,,,True,"no GBIF or SEAD match at any rank; ambiguous genus suffix match, candidates: Asperula, Cruciata, Galium, Phuopsis"
olvon,4,species (common name),olvon,Viburnum opulus,Plantae,2888605.0,Viburnum opulus,SPECIES,EXACT,100.0,https://www.gbif.org/species/2888605,Crampbark,olvon,olvon,,carried-over (species_split_taxa_gbif_matches.csv),Viburnum,Viburnaceae,Dipsacales,Plantae,Viburnum opulus,Asparagales,False,Alliaceae,False,Viburnum,False,opulus,Viburnum opulus,47048,True,False,4333,True,olvon,2,new taxon 'Viburnum opulus' (author_id NULL); new Swedish common name 'olvon',False,
cf maloideae sp,3,,,,,,,,,,,,"cf maloideae, cf maloideae sp",maloideae,,,,,,,,,False,,False,,False,,,,False,False,,False,,,,True,no GBIF or SEAD match at any rank
cf acer sp,3,genus (latin),,,Plantae,3189834.0,Acer,GENUS,HIGHERRANK,95.0,https://www.gbif.org/species/3189834,Maple,cf acer sp,acer,,carried-over (species_split_taxa_gbif_matches.csv),Acer,Sapindaceae,Sapindales,Plantae,Acer,Alismatales,False,Acoraceae,False,Acer,False,sp.,Acer sp.,39510,False,True,4334,True,Maple,1,new English common name 'Maple',False,
gädda,3,animal (common name),gädda,Esox lucius,Animalia,2346633.0,Esox lucius,SPECIES,EXACT,100.0,https://www.gbif.org/species/2346633,American Pike,gädda,gädda,,carried-over (species_split_taxa_gbif_matches.csv),Esox,Esocidae,Esociformes,Animalia,Esox lucius,Esociformes,True,Esocidae,True,Esox,True,lucius,Esox lucius,47049,True,False,4335,True,gädda,2,new order 'Esociformes'; new family 'Esocidae'; new genus 'Esox'; new taxon 'Esox lucius' (author_id NULL); new Swedish common name 'gädda',False,
gråärt,3,gbif only (no prior SEAD anchor),,,Plantae,160020585,Pisum sativum arvense,VARIETY,VERNACULAR,,,,gråärt,gråärt,,species/search (vernacular),Pisum,Fabaceae,Fabales,Plantae,,Fabales,False,Fabaceae,False,Pisum,False,sp.,Pisum sp.,18255,False,True,4336,True,gråärt,2,new Swedish common name 'gråärt',True,weak GBIF match (VERNACULAR)
getapel,3,species (common name),getapel,Rhamnus catharticus,Plantae,3039491.0,Rhamnus cathartica,SPECIES,FUZZY,97.0,https://www.gbif.org/species/3039491,Buckthorn,getapel,getapel,,carried-over (species_split_taxa_gbif_matches.csv),Rhamnus,Rhamnaceae,Rosales,Plantae,Rhamnus catharticus,Rosales,False,Rhamnaceae,False,Rhamnus,False,catharticus,Rhamnus catharticus,47050,True,False,4337,True,getapel,2,new taxon 'Rhamnus catharticus' (author_id NULL); new Swedish common name 'getapel',True,weak GBIF match (FUZZY)
hagtorn,3,genus (suffix-inferred),,,Plantae,3013395.0,Crataegus,GENUS,EXACT,96.0,https://www.gbif.org/species/3013395,Haw,hagtorn,hagtorn,,carried-over (species_split_taxa_gbif_matches.csv),Crataegus,Rosaceae,Rosales,Plantae,Crataegus,Rosales,False,Rosaceae,False,Crataegus,False,sp.,Crataegus sp.,39602,False,True,4338,True,hagtorn,2,new Swedish common name 'hagtorn',False,
benved,3,species (common name),benved,Evonymus europaeus,Plantae,7403009.0,Evonymus europaeus,SPECIES,EXACT,100.0,https://www.gbif.org/species/7403009,,benved,benved,,carried-over (species_split_taxa_gbif_matches.csv),Euonymus,Celastraceae,Celastrales,Plantae,Evonymus europaeus,Insertis Sedis,False,Celastraceae,False,Evonymus,False,europaeus,Evonymus europaeus,47051,True,False,4339,True,benved,2,new taxon 'Evonymus europaeus' (author_id NULL); new Swedish common name 'benved',False,
böna?,3,species (common name),böna,Phaseolus vulgaris,Plantae,5350452.0,Phaseolus vulgaris,SPECIES,EXACT,99.0,https://www.gbif.org/species/5350452,Bean,böna,böna,,carried-over (species_split_taxa_gbif_matches.csv),Phaseolus,Fabaceae,Fabales,Plantae,Phaseolus vulgaris,Fabales,False,Fabaceae,False,Phaseolus,False,vulgaris,Phaseolus vulgaris,47052,True,False,4340,True,böna,2,new taxon 'Phaseolus vulgaris' (author_id NULL); new Swedish common name 'böna',True,marked uncertain ('?') in the manual mapping
triticum sp,3,genus (latin),,,Plantae,2706388.0,Triticum,GENUS,EXACT,96.0,https://www.gbif.org/species/2706388,Wheat,triticum sp,triticum,,carried-over (species_split_taxa_gbif_matches.csv),Triticum,Poaceae,Poales,Plantae,Triticum,Poales,False,Poaceae,False,Triticum,False,spp.,Triticum spp.,18240,False,True,4313,True,Wheat,1,new English common name 'Wheat',False,
uroxe,3,animal (common name),uroxe,Bos primigenius,Animalia,2441024.0,Bos primigenius,SPECIES,EXACT,100.0,https://www.gbif.org/species/2441024,Auroch,uroxe,uroxe,,carried-over (species_split_taxa_gbif_matches.csv),Bos,Bovidae,Artiodactyla,Animalia,Bos primigenius,Artiodactyla,True,Bovidae,True,Bos,True,primigenius,Bos primigenius,47053,True,False,4341,True,uroxe,2,new order 'Artiodactyla'; new family 'Bovidae'; new genus 'Bos'; new taxon 'Bos primigenius' (author_id NULL); new Swedish common name 'uroxe',False,
sälg,3,species (common name),sälg,Salix caprea ssp caprea,Plantae,7544926.0,Salix caprea caprea,SUBSPECIES,EXACT,100.0,https://www.gbif.org/species/7544926,,sälg,sälg,,carried-over (species_split_taxa_gbif_matches.csv),Salix,Salicaceae,Malpighiales,Plantae,Salix caprea ssp caprea,Salicales,False,Salicaceae,False,Salix,False,caprea ssp caprea,Salix caprea ssp caprea,5110,False,True,3893,False,sälg,2,,False,
gråsäl,3,animal (common name),gråsäl,Halichoerus grypus,Animalia,2434806.0,Halichoerus grypus,SPECIES,EXACT,100.0,https://www.gbif.org/species/2434806,Atlantic Gray Seal,gråsäl,gråsäl,,carried-over (species_split_taxa_gbif_matches.csv),Halichoerus,Phocidae,Carnivora,Animalia,Halichoerus grypus,Carnivora,True,Phocidae,True,Halichoerus,True,grypus,Halichoerus grypus,47054,True,False,4342,True,gråsäl,2,new order 'Carnivora'; new family 'Phocidae'; new genus 'Halichoerus'; new taxon 'Halichoerus grypus' (author_id NULL); new Swedish common name 'gråsäl',False,
oxel,3,species (common name),oxel,Sorbus intermedia,Plantae,5015.0,Rosaceae,FAMILY,HIGHERRANK,99.0,https://www.gbif.org/species/5015,Rose Family,oxel,oxel,,carried-over (species_split_taxa_gbif_matches.csv),,Rosaceae,Rosales,Plantae,Sorbus intermedia,Rosales,False,Rosaceae,False,Sorbus,False,intermedia,Sorbus intermedia,47055,True,False,4343,True,oxel,2,new taxon 'Sorbus intermedia' (author_id NULL); new Swedish common name 'oxel',False,
rosa sp,3,genus (latin),,,Plantae,8395064.0,Rosa,GENUS,EXACT,95.0,https://www.gbif.org/species/8395064,Damask Rose,rosa sp,rosa,,carried-over (species_split_taxa_gbif_matches.csv),Rosa,Rosaceae,Rosales,Plantae,Rosa,Rosales,False,Rosaceae,False,Rosa,False,indet.,Rosa indet.,47056,True,False,4344,True,Damask Rose,1,new taxon 'Rosa indet.' (author_id NULL); new English common name 'Damask Rose',False,
triticum aestivum,3,species (latin),,Triticum aestivum,Plantae,7795888,Triticum aestivum,SPECIES,EXACT,99,,Bread Wheat,triticum aestivum,triticum aestivum,,species/match,Triticum,Poaceae,Poales,Plantae,Triticum aestivum,Poales,False,Poaceae,False,Triticum,False,aestivum,Triticum aestivum,47017,True,False,4345,True,Bread Wheat,1,new taxon 'Triticum aestivum' (author_id NULL); new English common name 'Bread Wheat',False,
trampört,3,genus (suffix-inferred),,,Plantae,2889077.0,Polygonum,GENUS,HIGHERRANK,95.0,https://www.gbif.org/species/2889077,Knotgrass,trampört,trampört,,carried-over (species_split_taxa_gbif_matches.csv),Polygonum,Polygonaceae,Caryophyllales,Plantae,Polygonum,Caryophyllales,False,Polygonaceae,False,Polygonum,False,sp.,Polygonum sp.,18181,False,True,4346,True,trampört,2,new Swedish common name 'trampört',False,
starrfrukt,3,,,,,,,,,,,,"starrfrukt, starrfrukter",starrfrukt,,,,,,,,,False,,False,,False,,,,False,False,,False,,,,True,no GBIF or SEAD match at any rank
säd,3,,,,,,,,,,,,säd,säd,,,,,,,,,False,,False,,False,,,,False,False,,False,,,,True,no GBIF or SEAD match at any rank
rönn,3,species (common name),rönn,Sorbus aucuparia ssp aucuparia,Plantae,7272117.0,Sorbus aucuparia aucuparia,SUBSPECIES,EXACT,100.0,https://www.gbif.org/species/7272117,European mountain-ash,rönn,rönn,,carried-over (species_split_taxa_gbif_matches.csv),Sorbus,Rosaceae,Rosales,Plantae,Sorbus aucuparia ssp aucuparia,Rosales,False,Rosaceae,False,Sorbus,False,aucuparia ssp aucuparia,Sorbus aucuparia ssp aucuparia,4937,False,True,3771,False,rönn,2,,False,
vildapel,2,species (common name),vildapel,Malus sylvestris,Plantae,3001509.0,Malus sylvestris,SPECIES,EXACT,99.0,https://www.gbif.org/species/3001509,Crab Apple,vildapel,vildapel,,carried-over (species_split_taxa_gbif_matches.csv),Malus,Rosaceae,Rosales,Plantae,Malus sylvestris,Rosales,False,Rosaceae,False,Malus,False,sylvestris,Malus sylvestris,47057,True,False,4347,True,vildapel,2,new taxon 'Malus sylvestris' (author_id NULL); new Swedish common name 'vildapel',False,
äpple,2,"genus (suffix, ambiguous)",,,,,,,,,,,"äppelkärna, äpple",äpple,"Punicea, Solanum",,,,,,,,False,,False,,False,,,,False,False,,False,,,,True,"no GBIF or SEAD match at any rank; ambiguous genus suffix match, candidates: Punicea, Solanum"
,2,,,,,,,,,,,,,,,,,,,,,,False,,False,,False,,,,False,False,,False,,,,False,
delfin,2,animal (family),delfin,,Animalia,5314.0,Delphinidae,FAMILY,EXACT,96.0,https://www.gbif.org/species/5314,Dolphin,delfin,delfin,,carried-over (species_split_taxa_gbif_matches.csv),,Delphinidae,Cetacea,Animalia,Delphinidae,Cetacea,True,Delphinidae,True,Delphinidae indet,True,indet.,Delphinidae indet indet.,47058,True,False,4348,True,delfin,2,new order 'Cetacea'; new family 'Delphinidae'; new genus 'Delphinidae indet'; new taxon 'Delphinidae indet indet.' (author_id NULL); new Swedish common name 'delfin',False,
fläder,2,species (common name),fläder,Sambucus nigra,Plantae,2888728.0,Sambucus nigra,SPECIES,EXACT,99.0,https://www.gbif.org/species/2888728,Black Elder,fläder,fläder,,carried-over (species_split_taxa_gbif_matches.csv),Sambucus,Viburnaceae,Dipsacales,Plantae,Sambucus nigra,Alismatales,False,Alismataceae,False,Sambucus,False,nigra,Sambucus nigra,47059,True,False,4349,True,fläder,2,new taxon 'Sambucus nigra' (author_id NULL); new Swedish common name 'fläder',False,
amulettring?,2,,,,,,,,,,,,amulettring,amulettring,,,,,,,,,False,,False,,False,,,,False,False,,False,,,,True,no GBIF or SEAD match at any rank; marked uncertain ('?') in the manual mapping
hovdjur,2,,,,,,,,,,,,stort hovdjur,hovdjur,,,,,,,,,False,,False,,False,,,,False,False,,False,,,,True,no GBIF or SEAD match at any rank
betula,2,genus (latin),,,Plantae,2875008.0,Betula,GENUS,HIGHERRANK,95.0,https://www.gbif.org/species/2875008,Birch,betula,betula,,carried-over (species_split_taxa_gbif_matches.csv),Betula,Betulaceae,Fagales,Plantae,Betula,Fagales,False,Betulaceae,False,Betula,False,sp.,Betula sp.,18086,False,True,4350,True,Birch,1,new English common name 'Birch',False,
tiggarranunkel,2,species (common name),tiggarranunkel,Ranunculus scleratus,Plantae,9065081.0,Ranunculus scleratus,SPECIES,EXACT,100.0,https://www.gbif.org/species/9065081,,tiggarranunkel,tiggarranunkel,,carried-over (species_split_taxa_gbif_matches.csv),Ranunculus,Ranunculaceae,Ranunculales,Plantae,Ranunculus scleratus,Ranunculales,False,Ranunculaceae,False,Ranunculus,False,scleratus,Ranunculus scleratus,47060,True,False,4351,True,tiggarranunkel,2,new taxon 'Ranunculus scleratus' (author_id NULL); new Swedish common name 'tiggarranunkel',False,
kalkbruk?,2,,,,,,,,,,,,kalkbruk,kalkbruk,,,,,,,,,False,,False,,False,,,,False,False,,False,,,,True,no GBIF or SEAD match at any rank; marked uncertain ('?') in the manual mapping
jurpa,2,,,,,,,,,,,,jurpa,jurpa,,,,,,,,,False,,False,,False,,,,False,False,,False,,,,True,no GBIF or SEAD match at any rank
kråkbär,2,species (common name),kråkbär,Empetrum nigrum ssp nigrum,Plantae,6387990.0,Empetrum nigrum nigrum,SUBSPECIES,EXACT,100.0,https://www.gbif.org/species/6387990,Crowberry,kråkbär,kråkbär,,carried-over (species_split_taxa_gbif_matches.csv),Empetrum,Ericaceae,Ericales,Plantae,Empetrum nigrum ssp nigrum,Ericales,False,Ericaceae,False,Empetrum,False,nigrum ssp nigrum,Empetrum nigrum ssp nigrum,2256,False,True,1740,False,kråkbär,2,,False,
katt,2,animal (common name),katt,Felis catus,Animalia,2435035.0,Felis catus,SPECIES,EXACT,100.0,https://www.gbif.org/species/2435035,Alley Cat,katt,katt,,carried-over (species_split_taxa_gbif_matches.csv),Felis,Felidae,Carnivora,Animalia,Felis catus,Carnivora,True,Felidae,True,Felis,True,catus,Felis catus,47061,True,False,4352,True,katt,2,new order 'Carnivora'; new family 'Felidae'; new genus 'Felis'; new taxon 'Felis catus' (author_id NULL); new Swedish common name 'katt',False,
kornell,2,genus (suffix-inferred),,,Plantae,3082226.0,Cornus,GENUS,EXACT,96.0,https://www.gbif.org/species/3082226,Dogwood,kornell,kornell,,carried-over (species_split_taxa_gbif_matches.csv),Cornus,Cornaceae,Cornales,Plantae,Cornus,Cornales,False,Cornaceae,False,Cornus,False,indet.,Cornus indet.,47062,True,False,4353,True,kornell,2,new taxon 'Cornus indet.' (author_id NULL); new Swedish common name 'kornell',False,
makrofossil?,2,,,,,,,,,,,,makrofossil,makrofossil,,,,,,,,,False,,False,,False,,,,False,False,,False,,,,True,no GBIF or SEAD match at any rank; marked uncertain ('?') in the manual mapping
ostron,2,animal (common name),ostron,Ostrea edulis,Animalia,2286060.0,Ostrea edulis,SPECIES,EXACT,100.0,https://www.gbif.org/species/2286060,Edible oyster,ostron,ostron,,carried-over (species_split_taxa_gbif_matches.csv),Ostrea,Ostreidae,Ostreida,Animalia,Ostrea edulis,Ostreida,True,Ostreidae,True,Ostrea,True,edulis,Ostrea edulis,47063,True,False,4354,True,ostron,2,new order 'Ostreida'; new family 'Ostreidae'; new genus 'Ostrea'; new taxon 'Ostrea edulis' (author_id NULL); new Swedish common name 'ostron',False,
nate,2,"genus (suffix, ambiguous)",,,,,,,,,,,nate,nate,"Groenlandia, Potamogeton",,,,,,,,False,,False,,False,,,,False,False,,False,,,,True,"no GBIF or SEAD match at any rank; ambiguous genus suffix match, candidates: Groenlandia, Potamogeton"
råglosta,2,species (common name),råglosta,Bromus secalinus,Plantae,2703717.0,Bromus secalinus,SPECIES,EXACT,99.0,https://www.gbif.org/species/2703717,Cheat,råglosta,råglosta,,carried-over (species_split_taxa_gbif_matches.csv),Bromus,Poaceae,Poales,Plantae,Bromus secalinus,Poales,False,Poaceae,False,Bromus,False,secalinus,Bromus secalinus,18208,False,True,4355,True,råglosta,2,new Swedish common name 'råglosta',False,
try,2,"genus (suffix, ambiguous)",,,,,,,,,,,try,try,"Lonicera, Weigela",,,,,,,,False,,False,,False,,,,False,False,,False,,,,True,"no GBIF or SEAD match at any rank; ambiguous genus suffix match, candidates: Lonicera, Weigela"
vikaresäl,2,animal (common name),vikaresäl,Pusa hispida,Animalia,5219369.0,Pusa hispida,SPECIES,EXACT,100.0,https://www.gbif.org/species/5219369,Arctic Ringed Seal,vikaresäl,vikaresäl,,carried-over (species_split_taxa_gbif_matches.csv),Pusa,Phocidae,Carnivora,Animalia,Pusa hispida,Carnivora,True,Phocidae,True,Pusa,True,hispida,Pusa hispida,47046,True,False,4356,True,vikaresäl,2,new order 'Carnivora'; new family 'Phocidae'; new genus 'Pusa'; new taxon 'Pusa hispida' (author_id NULL); new Swedish common name 'vikaresäl',False,
snärjmåra,2,species (common name),snärjmåra,Galium aparine var aparine,Plantae,7474788.0,Galium aparine aparine,VARIETY,EXACT,100.0,https://www.gbif.org/species/7474788,,snärjmåra,snärjmåra,,carried-over (species_split_taxa_gbif_matches.csv),Galium,Rubiaceae,Gentianales,Plantae,Galium aparine var aparine,Gentianales,False,Rubiaceae,False,Galium,False,aparine var aparine,Galium aparine var aparine,4986,False,True,3816,False,snärjmåra,2,,False,
brunskära,2,species (common name),brunskära,Bidens tripartita,Plantae,5391862.0,Bidens tripartita,SPECIES,EXACT,99.0,https://www.gbif.org/species/5391862,Erect-bur-marigold,brunskära,brunskära,,carried-over (species_split_taxa_gbif_matches.csv),Bidens,Asteraceae,Asterales,Plantae,Bidens tripartita,Asterales,False,Asteraceae,False,Bidens,False,tripartita,Bidens tripartita,47064,True,False,4357,True,brunskära,2,new taxon 'Bidens tripartita' (author_id NULL); new Swedish common name 'brunskära',False,
hirs,2,species (common name),hirs,Panicum miliaceum,Plantae,2705090.0,Panicum miliaceum,SPECIES,EXACT,99.0,https://www.gbif.org/species/2705090,Brown Millet,hirs,hirs,,carried-over (species_split_taxa_gbif_matches.csv),Panicum,Poaceae,Poales,Plantae,Panicum miliaceum,Poales,False,Poaceae,False,Panicum,False,miliaceum,Panicum miliaceum,47065,True,False,4358,True,hirs,2,new taxon 'Panicum miliaceum' (author_id NULL); new Swedish common name 'hirs',False,
fågel,2,,,,,,,,,,,,fågel,fågel,,,,,,,,,False,,False,,False,,,,False,False,,False,,,,True,no GBIF or SEAD match at any rank
grönlandssäl,2,animal (common name),grönlandssäl,Pagophilus groenlandicus,Animalia,2434801.0,Pagophilus groenlandicus,SPECIES,EXACT,100.0,https://www.gbif.org/species/2434801,Foca Pia,grönlandssäl,grönlandssäl,,carried-over (species_split_taxa_gbif_matches.csv),Pagophilus,Phocidae,Carnivora,Animalia,Pagophilus groenlandicus,Carnivora,True,Phocidae,True,Pagophilus,True,groenlandicus,Pagophilus groenlandicus,47066,True,False,4359,True,grönlandssäl,2,new order 'Carnivora'; new family 'Phocidae'; new genus 'Pagophilus'; new taxon 'Pagophilus groenlandicus' (author_id NULL); new Swedish common name 'grönlandssäl',False,
idisslare,2,gbif only (no prior SEAD anchor),,,Animalia,159939909,Ruminantia,SUBORDER,VERNACULAR,,,,idisslare,idisslare,,species/search (vernacular),,,Artiodactyla,Animalia,,Artiodactyla,True,Artiodactyla indet,True,Artiodactyla indet indet,True,indet.,Artiodactyla indet indet indet.,47067,True,False,4360,True,idisslare,2,new order 'Artiodactyla'; new family 'Artiodactyla indet'; new genus 'Artiodactyla indet indet'; new taxon 'Artiodactyla indet indet indet.' (author_id NULL); new Swedish common name 'idisslare',True,weak GBIF match (VERNACULAR)
cf fraxinus sp,2,genus (latin),,,Plantae,3172323.0,Fraxinus,GENUS,EXACT,96.0,https://www.gbif.org/species/3172323,Ash,cf fraxinus sp,fraxinus,,carried-over (species_split_taxa_gbif_matches.csv),Fraxinus,Oleaceae,Lamiales,Plantae,Fraxinus,Lamiales,False,Oleaceae,False,Fraxinus,False,sp.,Fraxinus sp.,39508,False,True,4361,True,Ash,1,new English common name 'Ash',False,
pärlhavre,2,species (common name),pärlhavre,Arrhenatherum elatius ssp bulbosus,Plantae,7987633.0,Arrhenatherum elatius bulbosum,SUBSPECIES,FUZZY,96.0,https://www.gbif.org/species/7987633,Tall Oatgrass,pärlhavre,pärlhavre,,carried-over (species_split_taxa_gbif_matches.csv),Arrhenatherum,Poaceae,Poales,Plantae,Arrhenatherum elatius ssp bulbosus,Poales,False,Poaceae,False,Arrhenatherum,False,elatius ssp bulbosus,Arrhenatherum elatius ssp bulbosus,47068,True,False,4362,True,pärlhavre,2,new taxon 'Arrhenatherum elatius ssp bulbosus' (author_id NULL); new Swedish common name 'pärlhavre',True,weak GBIF match (FUZZY)
cf corylus avellana,1,species (latin),,Corylus avellana,Plantae,2875979,Corylus avellana,SPECIES,EXACT,99,,Barcelona-nuts,cf corylus avellana,corylus avellana,,species/match,Corylus,Betulaceae,Fagales,Plantae,Corylus avellana,Fagales,False,Corylaceae,False,Corylus,False,avellana,Corylus avellana,47012,True,False,4363,True,Barcelona-nuts,1,new taxon 'Corylus avellana' (author_id NULL); new English common name 'Barcelona-nuts',False,
aborrskinn,1,animal (common name),aborrskinn,Perca fluviatilis,Animalia,8140485.0,Perca fluviatilis,SPECIES,EXACT,100.0,https://www.gbif.org/species/8140485,Eurasian perch,aborrskinn,aborrskinn,,carried-over (species_split_taxa_gbif_matches.csv),Perca,Percidae,Perciformes,Animalia,Perca fluviatilis,Perciformes,True,Percidae,True,Perca,True,fluviatilis,Perca fluviatilis,47069,True,False,4364,True,aborrskinn,2,new order 'Perciformes'; new family 'Percidae'; new genus 'Perca'; new taxon 'Perca fluviatilis' (author_id NULL); new Swedish common name 'aborrskinn',False,
brännässla,1,species (common name),brännässla,Urtica dioica ssp dioica var dioica,Plantae,7300700.0,Urtica dioica dioica,VARIETY,EXACT,100.0,https://www.gbif.org/species/7300700,,brännässla,brännässla,,carried-over (species_split_taxa_gbif_matches.csv),Urtica,Urticaceae,Rosales,Plantae,Urtica dioica ssp dioica var dioica,Rosales,False,Urticaceae,False,Urtica,False,dioica ssp dioica var dioica,Urtica dioica ssp dioica var dioica,5540,False,True,4195,False,brännässla,2,,False,
agn?,1,,,,,,,,,,,,agn,agn,,,,,,,,,False,,False,,False,,,,False,False,,False,,,,True,no GBIF or SEAD match at any rank; marked uncertain ('?') in the manual mapping
avenbok,1,species (common name),avenbok,Carpinus betulus,Plantae,2875818.0,Carpinus betulus,SPECIES,EXACT,99.0,https://www.gbif.org/species/2875818,Caucasian Hornbeam,avenbok,avenbok,,carried-over (species_split_taxa_gbif_matches.csv),Carpinus,Betulaceae,Fagales,Plantae,Carpinus betulus,Fagales,False,Corylaceae,False,Carpinus,False,betulus,Carpinus betulus,47070,True,False,4365,True,avenbok,2,new taxon 'Carpinus betulus' (author_id NULL); new Swedish common name 'avenbok',False,
bergssyra,1,gbif only (no prior SEAD anchor),,,Plantae,160025141,Rumex acetosella,SPECIES,VERNACULAR,,,,bergssyra,bergssyra,,species/search (vernacular),Rumex,Polygonaceae,Caryophyllales,Plantae,,Caryophyllales,False,Polygonaceae,False,Rumex,False,sp.,Rumex sp.,39600,False,True,4366,True,bergssyra,2,new Swedish common name 'bergssyra',True,weak GBIF match (VERNACULAR)
bitterpilört,1,species (common name),bitterpilört,Persicaria hydropiper,Plantae,8323622.0,Persicaria hydropiper,SPECIES,EXACT,99.0,https://www.gbif.org/species/8323622,Marshpepper Knotweed,bitterpilört,bitterpilört,,carried-over (species_split_taxa_gbif_matches.csv),Persicaria,Polygonaceae,Caryophyllales,Plantae,Persicaria hydropiper,Caryophyllales,False,Polygonaceae,False,Persicaria,False,hydropiper,Persicaria hydropiper,47071,True,False,4367,True,bitterpilört,2,new taxon 'Persicaria hydropiper' (author_id NULL); new Swedish common name 'bitterpilört',False,
bivax?,1,,,,,,,,,,,,bivax,bivax,,,,,,,,,False,,False,,False,,,,False,False,,False,,,,True,no GBIF or SEAD match at any rank; marked uncertain ('?') in the manual mapping
blandmaterial?,1,,,,,,,,,,,,blandmaterial,blandmaterial,,,,,,,,,False,,False,,False,,,,False,False,,False,,,,True,no GBIF or SEAD match at any rank; marked uncertain ('?') in the manual mapping
humle,1,species (common name),humle,Humulus lupulus,Plantae,2984535.0,Humulus lupulus,SPECIES,EXACT,99.0,https://www.gbif.org/species/2984535,Bine,humle,humle,,carried-over (species_split_taxa_gbif_matches.csv),Humulus,Cannabaceae,Rosales,Plantae,Humulus lupulus,Rosales,False,Cannabaceae,False,Humulus,False,lupulus,Humulus lupulus,18210,False,True,4368,True,humle,2,new Swedish common name 'humle',False,
horn?,1,,,,,,,,,,,,horn,horn,,,,,,,,,False,,False,,False,,,,False,False,,False,,,,True,no GBIF or SEAD match at any rank; marked uncertain ('?') in the manual mapping
hjortron,1,species (common name),hjortron,Rubus chamaemorus,Plantae,2998290.0,Rubus chamaemorus,SPECIES,EXACT,99.0,https://www.gbif.org/species/2998290,Bake-apple,hjortron,hjortron,,carried-over (species_split_taxa_gbif_matches.csv),Rubus,Rosaceae,Rosales,Plantae,Rubus chamaemorus,Rosales,False,Rosaceae,False,Rubus,False,chamaemorus,Rubus chamaemorus,47072,True,False,4369,True,hjortron,2,new taxon 'Rubus chamaemorus' (author_id NULL); new Swedish common name 'hjortron',False,
hampa,1,species (common name),hampa,Cannabis sativa,Plantae,5361880.0,Cannabis sativa,SPECIES,EXACT,100.0,https://www.gbif.org/species/5361880,Grass,hampa,hampa,,carried-over (species_split_taxa_gbif_matches.csv),Cannabis,Cannabaceae,Rosales,Plantae,Cannabis sativa,Rosales,False,Cannabaceae,False,Cannabis,False,sativa,Cannabis sativa,47073,True,False,4370,True,hampa,2,new taxon 'Cannabis sativa' (author_id NULL); new Swedish common name 'hampa',False,
gåsört,1,species (common name),gåsört,Argentina anserina ssp anserina,Plantae,7272211.0,Argentina anserina anserina,SUBSPECIES,EXACT,100.0,https://www.gbif.org/species/7272211,Silverweed Cinquefoil,gåsört,gåsört,,carried-over (species_split_taxa_gbif_matches.csv),Argentina,Rosaceae,Rosales,Plantae,Argentina anserina ssp anserina,Rosales,False,Rosaceae,False,Argentina,False,anserina ssp anserina,Argentina anserina ssp anserina,4611,False,True,3523,False,gåsört,2,,False,
furu,1,,,,,,,,,,,,furu,furu,,,,,,,,,False,,False,,False,,,,False,False,,False,,,,True,no GBIF or SEAD match at any rank
fårlort?,1,,,,,,,,,,,,fårlort,fårlort,,,,,,,,,False,,False,,False,,,,False,False,,False,,,,True,no GBIF or SEAD match at any rank; marked uncertain ('?') in the manual mapping
gnagare,1,animal (order),gnagare,,Animalia,1459.0,Rodentia,ORDER,EXACT,96.0,https://www.gbif.org/species/1459,Rodent,gnagare,gnagare,,carried-over (species_split_taxa_gbif_matches.csv),,,Rodentia,Animalia,Rodentia,Rodentia,True,Rodentia indet,True,Rodentia indet indet,True,indet.,Rodentia indet indet indet.,47074,True,False,4371,True,gnagare,2,new order 'Rodentia'; new family 'Rodentia indet'; new genus 'Rodentia indet indet'; new taxon 'Rodentia indet indet indet.' (author_id NULL); new Swedish common name 'gnagare',False,
fågelbär,1,gbif only (no prior SEAD anchor),,,Plantae,160021192,Prunus avium,SPECIES,VERNACULAR,,,Gean Cherry,fågelbär,fågelbär,,species/search (vernacular),Prunus,Rosaceae,Rosales,Plantae,,Rosales,False,Rosaceae,False,Prunus,False,indet.,Prunus indet.,47036,True,False,4372,True,fågelbär,2,new taxon 'Prunus indet.' (author_id NULL); new Swedish common name 'fågelbär',True,weak GBIF match (VERNACULAR)
cf betula sp,1,genus (latin),,,Plantae,2875008.0,Betula,GENUS,HIGHERRANK,95.0,https://www.gbif.org/species/2875008,Birch,cf betula sp,betula,,carried-over (species_split_taxa_gbif_matches.csv),Betula,Betulaceae,Fagales,Plantae,Betula,Fagales,False,Betulaceae,False,Betula,False,sp.,Betula sp.,18086,False,True,4350,True,Birch,1,new English common name 'Birch',False,
cf avena sp,1,genus (latin),,,Plantae,2705282.0,Avena,GENUS,HIGHERRANK,95.0,https://www.gbif.org/species/2705282,Oat,cf avena sp,avena,,carried-over (species_split_taxa_gbif_matches.csv),Avena,Poaceae,Poales,Plantae,Avena,Poales,False,Poaceae,False,Avena,False,sp.,Avena sp.,18032,False,True,4373,True,Oat,1,new English common name 'Oat',False,
cf populus sp,1,genus (latin),,,Plantae,3040183.0,Populus,GENUS,EXACT,96.0,https://www.gbif.org/species/3040183,"Aspen, Cottonwood, Poplar",cf populus sp,populus,,carried-over (species_split_taxa_gbif_matches.csv),Populus,Salicaceae,Malpighiales,Plantae,Populus,Salicales,False,Salicaceae,False,Populus,False,sp.,Populus sp.,39607,False,True,4301,True,"Aspen, Cottonwood, Poplar",1,"new English common name 'Aspen, Cottonwood, Poplar'",False,
dicoccum,1,,,,,,,,,,,,dicoccum,dicoccum,,,,,,,,,False,,False,,False,,,,False,False,,False,,,,True,no GBIF or SEAD match at any rank
cyperaceae,1,genus (latin),,,Plantae,7708.0,Cyperaceae,FAMILY,EXACT,96.0,https://www.gbif.org/species/7708,Sedge,cyperaceae,cyperaceae,,carried-over (species_split_taxa_gbif_matches.csv),,Cyperaceae,Poales,Plantae,Cyperaceae,Poales,False,Cyperaceae,False,Cyperaceae,False,indet.,Cyperaceae indet.,18169,False,True,4374,True,Sedge,1,new English common name 'Sedge',False,
dinkel,1,gbif only (no prior SEAD anchor),,,Plantae,159501969,Triticum spelta,SPECIES,VERNACULAR,,,,dinkel,dinkel,,species/search (vernacular),Triticum,Poaceae,Poales,Plantae,,Poales,False,Poaceae,False,Triticum,False,spp.,Triticum spp.,18240,False,True,4375,True,dinkel,2,new Swedish common name 'dinkel',True,weak GBIF match (VERNACULAR)
dån,1,"genus (suffix, ambiguous)",,,Plantae,160016506,Galeopsis,GENUS,VERNACULAR,,,,dån,dån,"Galeopsis, Leucas",species/search (vernacular),Galeopsis,Lamiaceae,Lamiales,Plantae,,Lamiales,False,Lamiaceae,False,Galeopsis,False,sp.,Galeopsis sp.,39585,False,True,4376,True,dån,2,new Swedish common name 'dån',True,"ambiguous genus suffix match, candidates: Galeopsis, Leucas; weak GBIF match (VERNACULAR)"
iris,1,genus (latin),,,Plantae,2748017.0,Iris,GENUS,EXACT,96.0,https://www.gbif.org/species/2748017,Iris,iris,iris,,carried-over (species_split_taxa_gbif_matches.csv),Iris,Iridaceae,Asparagales,Plantae,Iris,Asparagales,False,Iridaceae,False,Iris,False,indet.,Iris indet.,47075,True,False,4377,True,Iris,1,new taxon 'Iris indet.' (author_id NULL); new English common name 'Iris',False,
jlvträd?,1,,,,,,,,,,,,jlvträd,jlvträd,,,,,,,,,False,,False,,False,,,,False,False,,False,,,,True,no GBIF or SEAD match at any rank; marked uncertain ('?') in the manual mapping
hägg,1,species (common name),hägg,Prunus padus ssp padus,Plantae,8006007.0,Prunus padus padus,SUBSPECIES,EXACT,100.0,https://www.gbif.org/species/8006007,,hägg,hägg,,carried-over (species_split_taxa_gbif_matches.csv),Prunus,Rosaceae,Rosales,Plantae,Prunus padus ssp padus,Rosales,False,Rosaceae,False,Prunus,False,padus ssp padus,Prunus padus ssp padus,4761,False,True,3634,False,hägg,2,,False,
höna,1,animal (common name),höna,Gallus gallus domesticus,Animalia,9457155.0,Gallus gallus domesticus,FORM,EXACT,99.0,https://www.gbif.org/species/9457155,Domestic Chicken,höna,höna,,carried-over (species_split_taxa_gbif_matches.csv),Gallus,Phasianidae,Galliformes,Animalia,Gallus gallus domesticus,Galliformes,True,Phasianidae,True,Gallus,True,gallus domesticus,Gallus gallus domesticus,47076,True,False,4378,True,höna,2,new order 'Galliformes'; new family 'Phasianidae'; new genus 'Gallus'; new taxon 'Gallus gallus domesticus' (author_id NULL); new Swedish common name 'höna',False,
murgröna,1,species (common name),murgröna,Hedera helix,Plantae,8351737.0,Hedera helix,SPECIES,EXACT,99.0,https://www.gbif.org/species/8351737,Common Ivy,murgröna,murgröna,,carried-over (species_split_taxa_gbif_matches.csv),Hedera,Araliaceae,Apiales,Plantae,Hedera helix,Apiales,False,Araliaceae,False,Hedera,False,helix,Hedera helix,47077,True,False,4379,True,murgröna,2,new taxon 'Hedera helix' (author_id NULL); new Swedish common name 'murgröna',False,
mört,1,animal (common name),mört,Rutilus rutilus,Animalia,2359706.0,Rutilus rutilus,SPECIES,EXACT,100.0,https://www.gbif.org/species/2359706,Common Roach,mört,mört,,carried-over (species_split_taxa_gbif_matches.csv),Rutilus,Cyprinidae,Cypriniformes,Animalia,Rutilus rutilus,Cypriniformes,True,Cyprinidae,True,Rutilus,True,rutilus,Rutilus rutilus,47078,True,False,4380,True,mört,2,new order 'Cypriniformes'; new family 'Cyprinidae'; new genus 'Rutilus'; new taxon 'Rutilus rutilus' (author_id NULL); new Swedish common name 'mört',False,
nypon,1,,,,,,,,,,,,nypon,nypon,,,,,,,,,False,,False,,False,,,,False,False,,False,,,,True,no GBIF or SEAD match at any rank
ogräs,1,,,,,,,,,,,,ogräs,ogräs,,,,,,,,,False,,False,,False,,,,False,False,,False,,,,True,no GBIF or SEAD match at any rank
matrester?,1,,,,,,,,,,,,brända matrester,matrester,,,,,,,,,False,,False,,False,,,,False,False,,False,,,,True,no GBIF or SEAD match at any rank; marked uncertain ('?') in the manual mapping
mossa,1,,,,,,,,,,,,mossa,mossa,,,,,,,,,False,,False,,False,,,,False,False,,False,,,,True,no GBIF or SEAD match at any rank
häst eller nötkreatur?,1,,,,,,,,,,,,häst eller nötkreatur,häst eller nötkreatur,,,,,,,häst eller nötkreatur,,False,,False,,False,,,,False,False,,False,,,,True,no GBIF or SEAD match at any rank; marked uncertain ('?') in the manual mapping
korgblommiga växter,1,,,,,,,,,,,,korgblommiga växter,korgblommiga växter,,,,,,,korgblommiga växter,,False,,False,,False,,,,False,False,,False,,,,True,no GBIF or SEAD match at any rank
lager?,1,,,,,,,,,,,,lager,lager,,,,,,,,,False,,False,,False,,,,False,False,,False,,,,True,no GBIF or SEAD match at any rank; marked uncertain ('?') in the manual mapping
kärrsköldpadda,1,animal (common name),kärrsköldpadda,Emys orbicularis,Animalia,8909809.0,Emys orbicularis,SPECIES,EXACT,100.0,https://www.gbif.org/species/8909809,European Pond Terrapin,kärrsköldpadda,kärrsköldpadda,,carried-over (species_split_taxa_gbif_matches.csv),Emys,Emydidae,,Animalia,Emys orbicularis,,False,Emydidae,True,Emys,True,orbicularis,Emys orbicularis,47079,True,False,4381,True,kärrsköldpadda,2,new family 'Emydidae'; new genus 'Emys'; new taxon 'Emys orbicularis' (author_id NULL); new Swedish common name 'kärrsköldpadda',False,
lamm,1,animal (common name),lamm,Ovis aries,Animalia,2441110.0,Ovis aries,SPECIES,EXACT,99.0,https://www.gbif.org/species/2441110,Domestic Sheep,lamm,lamm,,carried-over (species_split_taxa_gbif_matches.csv),Ovis,Bovidae,Artiodactyla,Animalia,Ovis aries,Artiodactyla,True,Bovidae,True,Ovis,True,aries,Ovis aries,47027,True,False,4382,True,lamm,2,new order 'Artiodactyla'; new family 'Bovidae'; new genus 'Ovis'; new taxon 'Ovis aries' (author_id NULL); new Swedish common name 'lamm',False,
markvegetation?,1,,,,,,,,,,,,bränd markvegetation,markvegetation,,,,,,,,,False,,False,,False,,,,False,False,,False,,,,True,no GBIF or SEAD match at any rank; marked uncertain ('?') in the manual mapping
revormstörel,1,species (common name),revormstörel,Euphorbia helioscopia,Plantae,3066367.0,Euphorbia helioscopia,SPECIES,EXACT,99.0,https://www.gbif.org/species/3066367,Madwoman's Milk,revormstörel,revormstörel,,carried-over (species_split_taxa_gbif_matches.csv),Euphorbia,Euphorbiaceae,Malpighiales,Plantae,Euphorbia helioscopia,Malpighiales,False,Euphorbiaceae,False,Euphorbia,False,helioscopia,Euphorbia helioscopia,47080,True,False,4383,True,revormstörel,2,new taxon 'Euphorbia helioscopia' (author_id NULL); new Swedish common name 'revormstörel',False,
ramslök,1,species (common name),ramslök,Allium ursinum,Plantae,2857601.0,Allium ursinum,SPECIES,EXACT,100.0,https://www.gbif.org/species/2857601,,ramslök,ramslök,,carried-over (species_split_taxa_gbif_matches.csv),Allium,Amaryllidaceae,Asparagales,Plantae,Allium ursinum,Apiales,False,Araliaceae,False,Allium,False,ursinum,Allium ursinum,47081,True,False,4384,True,ramslök,2,new taxon 'Allium ursinum' (author_id NULL); new Swedish common name 'ramslök',False,
palsternacka,1,species (common name),palsternacka,Pastinaca sativa var sativa,Plantae,7508930.0,Pastinaca sativa sativa,VARIETY,EXACT,100.0,https://www.gbif.org/species/7508930,Wild Parsnip,palsternacka,palsternacka,,carried-over (species_split_taxa_gbif_matches.csv),Pastinaca,Apiaceae,Apiales,Plantae,Pastinaca sativa var sativa,Apiales,False,Apiaceae,False,Pastinaca,False,sativa var sativa,Pastinaca sativa var sativa,220,False,True,194,False,palsternacka,2,,False,
poaceae indet,1,genus (latin),,,Plantae,3073.0,Poaceae,FAMILY,EXACT,96.0,https://www.gbif.org/species/3073,Cereal,poaceae indet,poaceae,,carried-over (species_split_taxa_gbif_matches.csv),,Poaceae,Poales,Plantae,Poaceae,Poales,False,Poaceae,False,Poaceae,False,indet.,Poaceae indet.,18009,False,True,4385,True,Cereal,1,new English common name 'Cereal',False,
stamknöl,1,,,,,,,,,,,,stamknöl,stamknöl,,,,,,,,,False,,False,,False,,,,False,False,,False,,,,True,no GBIF or SEAD match at any rank
staeefrukter?,1,,,,,,,,,,,,staeefrukter,staeefrukter,,,,,,,,,False,,False,,False,,,,False,False,,False,,,,True,no GBIF or SEAD match at any rank; marked uncertain ('?') in the manual mapping
skogsolvon,1,gbif only (no prior SEAD anchor),,,Plantae,160014689,Viburnum opulus,SPECIES,VERNACULAR,,,,skogsolvon,skogsolvon,,species/search (vernacular),Viburnum,Viburnaceae,Dipsacales,Plantae,,Dipsacales,False,Viburnaceae,True,Viburnum,False,indet.,Viburnum indet.,47082,True,False,4386,True,skogsolvon,2,new family 'Viburnaceae'; new taxon 'Viburnum indet.' (author_id NULL); new Swedish common name 'skogsolvon',True,weak GBIF match (VERNACULAR)
stål,1,,,,,,,,,,,,stål,stål,,,,,,,,,False,,False,,False,,,,False,False,,False,,,,True,no GBIF or SEAD match at any rank
sik,1,animal (common name),sik,Coregonus lavaretus,Animalia,2351211.0,Coregonus lavaretus,SPECIES,EXACT,100.0,https://www.gbif.org/species/2351211,Bourget Whitefish,sik,sik,,carried-over (species_split_taxa_gbif_matches.csv),Coregonus,Salmonidae,Salmoniformes,Animalia,Coregonus lavaretus,Salmoniformes,True,Salmonidae,True,Coregonus,True,lavaretus,Coregonus lavaretus,47083,True,False,4387,True,sik,2,new order 'Salmoniformes'; new family 'Salmonidae'; new genus 'Coregonus'; new taxon 'Coregonus lavaretus' (author_id NULL); new Swedish common name 'sik',False,
rosoideae,1,,,,,,,,,,,,rosoideae,rosoideae,,,,,,,,,False,,False,,False,,,,False,False,,False,,,,True,no GBIF or SEAD match at any rank
rosväxt,1,,,,,,,,,,,,rosväxt,rosväxt,,,,,,,,,False,,False,,False,,,,False,False,,False,,,,True,no GBIF or SEAD match at any rank
skogskornell,1,species (common name),skogskornell,Cornus sanguinea,Plantae,3082234.0,Cornus sanguinea,SPECIES,EXACT,99.0,https://www.gbif.org/species/3082234,Bloodtwig dogwood,skogskornell,skogskornell,,carried-over (species_split_taxa_gbif_matches.csv),Cornus,Cornaceae,Cornales,Plantae,Cornus sanguinea,Cornales,False,Cornaceae,False,Cornus,False,sanguinea,Cornus sanguinea,47084,True,False,4388,True,skogskornell,2,new taxon 'Cornus sanguinea' (author_id NULL); new Swedish common name 'skogskornell',False,
småsnärja,1,gbif only (no prior SEAD anchor),,,Chromista,160001692,Scytosiphon lomentaria,SPECIES,VERNACULAR,,,,småsnärja,småsnärja,,species/search (vernacular),Scytosiphon,Scytosiphonaceae,Ectocarpales,Chromista,,Ectocarpales,True,Scytosiphonaceae,True,Scytosiphon,True,indet.,Scytosiphon indet.,47085,True,False,4389,True,småsnärja,2,new order 'Ectocarpales'; new family 'Scytosiphonaceae'; new genus 'Scytosiphon'; new taxon 'Scytosiphon indet.' (author_id NULL); new Swedish common name 'småsnärja',True,weak GBIF match (VERNACULAR)
skräppa,1,genus (suffix-inferred),,,Plantae,2888942.0,Rumex,GENUS,EXACT,96.0,https://www.gbif.org/species/2888942,Dock,skräppa,skräppa,,carried-over (species_split_taxa_gbif_matches.csv),Rumex,Polygonaceae,Caryophyllales,Plantae,Rumex,Caryophyllales,False,Polygonaceae,False,Rumex,False,sp.,Rumex sp.,39600,False,True,4390,True,skräppa,2,new Swedish common name 'skräppa',False,
smörblomma,1,species (common name),smörblomma,Ranunculus acris ssp acris,Plantae,7277719.0,Ranunculus acris acris,SUBSPECIES,EXACT,100.0,https://www.gbif.org/species/7277719,tall buttercup,smörblomma,smörblomma,,carried-over (species_split_taxa_gbif_matches.csv),Ranunculus,Ranunculaceae,Ranunculales,Plantae,Ranunculus acris ssp acris,Ranunculales,False,Ranunculaceae,False,Ranunculus,False,acris ssp acris,Ranunculus acris ssp acris,4481,False,True,3413,False,smörblomma,2,,False,
räv,1,animal (common name),räv,Vulpes vulpes,Animalia,5219243.0,Vulpes vulpes,SPECIES,EXACT,100.0,https://www.gbif.org/species/5219243,American Cross Fox,räv,räv,,carried-over (species_split_taxa_gbif_matches.csv),Vulpes,Canidae,Carnivora,Animalia,Vulpes vulpes,Carnivora,True,Canidae,True,Vulpes,True,vulpes,Vulpes vulpes,47086,True,False,4391,True,räv,2,new order 'Carnivora'; new family 'Canidae'; new genus 'Vulpes'; new taxon 'Vulpes vulpes' (author_id NULL); new Swedish common name 'räv',False,
tibast,1,species (common name),tibast,Daphne mezereum,Plantae,5420852.0,Daphne mezereum,SPECIES,EXACT,99.0,https://www.gbif.org/species/5420852,February Daphne,tibast,tibast,,carried-over (species_split_taxa_gbif_matches.csv),Daphne,Thymelaeaceae,Malvales,Plantae,Daphne mezereum,Malvales,False,Thymelaeaceae,False,Daphne,False,mezereum,Daphne mezereum,47087,True,False,4392,True,tibast,2,new taxon 'Daphne mezereum' (author_id NULL); new Swedish common name 'tibast',False,
syska,1,"genus (suffix, ambiguous)",,,,,,,,,,,syska,syska,"Ballota, Moluccella, Stachys",,,,,,,,False,,False,,False,,,,False,False,,False,,,,True,"no GBIF or SEAD match at any rank; ambiguous genus suffix match, candidates: Ballota, Moluccella, Stachys"
stenbär,1,species (common name),stenbär,Rubus saxatilis,Plantae,2992808.0,Rubus saxatilis,SPECIES,EXACT,99.0,https://www.gbif.org/species/2992808,Greenland thornless blackberry,stenbär,stenbär,,carried-over (species_split_taxa_gbif_matches.csv),Rubus,Rosaceae,Rosales,Plantae,Rubus saxatilis,Rosales,False,Rosaceae,False,Rubus,False,saxatilis,Rubus saxatilis,47088,True,False,4393,True,stenbär,2,new taxon 'Rubus saxatilis' (author_id NULL); new Swedish common name 'stenbär',False,
triticum vulgare,1,genus (latin),,,Plantae,7541363,Triticum vulgare,SPECIES,EXACT,99,,,triticum vulgare,triticum vulgare,,species/match,Triticum,Poaceae,Poales,Plantae,triticum vulgare,Poales,False,Poaceae,False,Triticum,False,spp.,Triticum spp.,18240,False,True,,False,,,,True,no Swedish or English common name text available to attach
torsk,1,animal (common name),torsk,Gadus morhua,Animalia,8084280.0,Gadus morhua,SPECIES,EXACT,100.0,https://www.gbif.org/species/8084280,Atlantic Cod,torsk,torsk,,carried-over (species_split_taxa_gbif_matches.csv),Gadus,Gadidae,Gadiformes,Animalia,Gadus morhua,Gadiformes,True,Gadidae,True,Gadus,True,morhua,Gadus morhua,47089,True,False,4394,True,torsk,2,new order 'Gadiformes'; new family 'Gadidae'; new genus 'Gadus'; new taxon 'Gadus morhua' (author_id NULL); new Swedish common name 'torsk',False,
ticka,1,genus (suffix-inferred),,,Plantae,5371771.0,Levisticum,GENUS,EXACT,96.0,https://www.gbif.org/species/5371771,Lovage,ticka,ticka,,carried-over (species_split_taxa_gbif_matches.csv),Levisticum,Apiaceae,Apiales,Plantae,Levisticum,Apiales,False,Apiaceae,False,Levisticum,False,indet.,Levisticum indet.,47090,True,False,4395,True,ticka,2,new taxon 'Levisticum indet.' (author_id NULL); new Swedish common name 'ticka',False,
triticum monococcum,1,species (latin),,Triticum monococcum,Plantae,7883427,Triticum monococcum,SPECIES,EXACT,100,,Einkorn,triticum monococcum,triticum monococcum,,species/match,Triticum,Poaceae,Poales,Plantae,Triticum monococcum,Poales,False,Poaceae,False,Triticum,False,monococcum,Triticum monococcum,18241,False,True,4396,True,Einkorn,1,new English common name 'Einkorn',False,
triticum spelta,1,species (latin),,Triticum spelta,Plantae,2706402,Triticum spelta,SPECIES,EXACT,100,,Spelt,triticum spelta,triticum spelta,,species/match,Triticum,Poaceae,Poales,Plantae,Triticum spelta,Poales,False,Poaceae,False,Triticum,False,spelta,Triticum spelta,18227,False,True,4397,True,Spelt,1,new English common name 'Spelt',False,
vattenklöver,1,species (common name),vattenklöver,Menyanthes trifoliata,Plantae,5341511.0,Menyanthes trifoliata,SPECIES,EXACT,100.0,https://www.gbif.org/species/5341511,Bog-bean,vattenklöver,vattenklöver,,carried-over (species_split_taxa_gbif_matches.csv),Menyanthes,Menyanthaceae,Asterales,Plantae,Menyanthes trifoliata,Asterales,False,Menyanthaceae,False,Menyanthes,False,trifoliata,Menyanthes trifoliata,47091,True,False,4398,True,vattenklöver,2,new taxon 'Menyanthes trifoliata' (author_id NULL); new Swedish common name 'vattenklöver',False,
tuvull,1,species (common name),tuvull,Eriophorum vaginatum,Plantae,2730185.0,Eriophorum vaginatum,SPECIES,EXACT,99.0,https://www.gbif.org/species/2730185,Cottongrass,tuvull,tuvull,,carried-over (species_split_taxa_gbif_matches.csv),Eriophorum,Cyperaceae,Poales,Plantae,Eriophorum vaginatum,Poales,False,Cyperaceae,False,Eriophorum,False,vaginatum,Eriophorum vaginatum,47092,True,False,4399,True,tuvull,2,new taxon 'Eriophorum vaginatum' (author_id NULL); new Swedish common name 'tuvull',False,
vattenstäkra,1,species (common name),vattenstäkra,Oenanthe aquatica,Plantae,5371888.0,Oenanthe aquatica,SPECIES,EXACT,99.0,https://www.gbif.org/species/5371888,Fine-Leaved Water-Dropwort,vattenstäkra,vattenstäkra,,carried-over (species_split_taxa_gbif_matches.csv),Oenanthe,Apiaceae,Apiales,Plantae,Oenanthe aquatica,Apiales,False,Apiaceae,False,Oenanthe,False,aquatica,Oenanthe aquatica,47093,True,False,4400,True,vattenstäkra,2,new taxon 'Oenanthe aquatica' (author_id NULL); new Swedish common name 'vattenstäkra',False,
vial,1,genus (suffix-inferred),,,Plantae,10356062.0,Lathyrus,GENUS,EXACT,96.0,https://www.gbif.org/species/10356062,Pea,vial,vial,,carried-over (species_split_taxa_gbif_matches.csv),Lathyrus,Fabaceae,Fabales,Plantae,Lathyrus,Fabales,False,Fabaceae,False,Lathyrus,False,indet.,Lathyrus indet.,47094,True,False,4401,True,vial,2,new taxon 'Lathyrus indet.' (author_id NULL); new Swedish common name 'vial',False,
vinväxter,1,gbif only (no prior SEAD anchor),,,Plantae,160006746,Vitaceae,FAMILY,VERNACULAR,,,,vindruvskärna,vinväxter,,species/search (vernacular),,Vitaceae,Vitales,Plantae,,Vitales,True,Vitaceae,False,Vitaceae indet,True,indet.,Vitaceae indet indet.,47095,True,False,4402,True,vinväxter,2,new order 'Vitales'; new genus 'Vitaceae indet'; new taxon 'Vitaceae indet indet.' (author_id NULL); new Swedish common name 'vinväxter',True,weak GBIF match (VERNACULAR)
åkerbinda,1,species (common name),åkerbinda,Fallopia convolvulus,Plantae,6391461.0,Fallopia convolvulus,SPECIES,EXACT,100.0,https://www.gbif.org/species/6391461,Black Bindweed,åkerbinda,åkerbinda,,carried-over (species_split_taxa_gbif_matches.csv),Fallopia,Polygonaceae,Caryophyllales,Plantae,Fallopia convolvulus,Caryophyllales,False,Polygonaceae,False,Fallopia,False,convolvulus,Fallopia convolvulus,18199,False,True,4403,True,åkerbinda,2,new Swedish common name 'åkerbinda',False,
åkerkrassling,1,,,,,,,,,,,,åkerkrassling,åkerkrassling,,,,,,,,,False,,False,,False,,,,False,False,,False,,,,True,no GBIF or SEAD match at any rank
åkerpilört,1,species (common name),åkerpilört,Persicaria maculosa ssp maculosa,Plantae,7291447.0,Persicaria maculosa maculosa,VARIETY,EXACT,96.0,https://www.gbif.org/species/7291447,,åkerpilört,åkerpilört,,carried-over (species_split_taxa_gbif_matches.csv),Persicaria,Polygonaceae,Caryophyllales,Plantae,Persicaria maculosa ssp maculosa,Caryophyllales,False,Polygonaceae,False,Persicaria,False,maculosa ssp maculosa,Persicaria maculosa ssp maculosa,4217,False,True,3242,False,åkerpilört,2,,False,
