manual_species,count,match_level,sead_common_name,sead_species_name,kingdom,gbif_usage_key,gbif_canonical_name,gbif_rank,gbif_match_type,gbif_confidence,gbif_url,species_split_english,contributing_species_split,ambiguous_genus_candidates,gbif_source,gbif_genus,gbif_family,gbif_order,gbif_kingdom,gbif_candidate,resolved_order,resolved_order_is_new,resolved_family,resolved_family_is_new,resolved_genus,resolved_genus_is_new,resolved_species,resolved_scientific_name,taxon_id,taxon_id_is_new,matched_existing_taxon,common_name_id,common_name_id_is_new,common_name_text,common_name_language,taxonomy_changes_needed,needs_manual_review,review_reason
al,6281,"genus (suffix, ambiguous)",,,,,,,,,,,"al, albark, alknopp, alkottar, alkotte","Lathyrus, Alnus",,,,,,,,False,,False,,False,,,,False,False,,False,,,,True,"no GBIF or SEAD match at any rank; ambiguous genus suffix match, candidates: Lathyrus, Alnus"
tall,3046,species (common name),tall,Pinus sylvestris var sylvestris,Plantae,7230693.0,Pinus sylvestris sylvestris,VARIETY,EXACT,100.0,https://www.gbif.org/species/7230693,Baltic pine,"kottefjäll tall, kottefjäll. tall, tall, tallbark, tallbarr, tallkotte, tallkottefjäll, talll",,carried-over (species_split_taxa_gbif_matches.csv),Pinus,Pinaceae,Pinales,Plantae,Pinus sylvestris var sylvestris,,False,,False,Pinus,False,sylvestris var sylvestris,Pinus sylvestris var sylvestris,3613,False,True,2797,False,tall,2,,False,
korn,2230,"genus (suffix, ambiguous)",,,,,,,,,,,"korn, skalkorn","Impatiens, Hordelymus, Hordeum",,,,,,,,False,,False,,False,,,,False,False,,False,,,,True,"no GBIF or SEAD match at any rank; ambiguous genus suffix match, candidates: Impatiens, Hordelymus, Hordeum"
björk,2082,genus (suffix-inferred),,,Plantae,2875008.0,Betula,GENUS,HIGHERRANK,95.0,https://www.gbif.org/species/2875008,Birch,"björk, björk bulk, björkl, björknäver",,carried-over (species_split_taxa_gbif_matches.csv),Betula,Betulaceae,Fagales,Plantae,Betula,Fagales,False,Betulaceae,False,Betula,False,sp.,Betula sp.,18086,False,False,4273,True,björk,2,new Swedish common name 'björk',False,
ko,1890,animal (common name),ko,Bos taurus,Animalia,2441022.0,Bos taurus,SPECIES,EXACT,100.0,https://www.gbif.org/species/2441022,Aurochs,"kalv, ko, ötkreatur",,carried-over (species_split_taxa_gbif_matches.csv),Bos,Bovidae,Artiodactyla,Animalia,Bos taurus,Artiodactyla,True,Bovidae,True,Bos,True,taurus,Bos taurus,47010,True,False,4274,True,ko,2,new order 'Artiodactyla'; new family 'Bovidae'; new genus 'Bos'; new taxon 'Bos taurus'; new Swedish common name 'ko',False,
ek,1809,species (common name),ek,Quercus robur,Plantae,2878688.0,Quercus robur,SPECIES,EXACT,99.0,https://www.gbif.org/species/2878688,Common Oak,"ek, ek bulk, ekbark, ekl, ekollon",,carried-over (species_split_taxa_gbif_matches.csv),Quercus,Fagaceae,Fagales,Plantae,Quercus robur,,False,,False,Quercus,False,robur,Quercus robur,2614,False,True,2035,False,ek,2,,False,
hassel,1712,species (common name),hassel,Corylus avellana,Plantae,2875979.0,Corylus avellana,SPECIES,EXACT,99.0,https://www.gbif.org/species/2875979,Barcelona-nuts,"hasel, hassel, hasselnöt, hasselskal, obränd hasselnöt",,carried-over (species_split_taxa_gbif_matches.csv),Corylus,Betulaceae,Fagales,Plantae,Corylus avellana,,False,,False,Corylus,False,avellana,Corylus avellana,1825,False,True,1458,False,hassel,2,,False,
gran,1258,species (common name),gran,Picea abies ssp abies,Plantae,7306267.0,Picea abies abies,SUBSPECIES,EXACT,100.0,https://www.gbif.org/species/7306267,,"enmöjl gran, förkolnade granbarr, gran, granbar, granbark, granbarr, grankvist, kottefjäll gran",,carried-over (species_split_taxa_gbif_matches.csv),Picea,Pinaceae,Pinales,Plantae,Picea abies ssp abies,,False,,False,Picea,False,abies ssp abies,Picea abies ssp abies,3591,False,True,2782,False,gran,2,,False,
ran,1183,"genus (suffix, ambiguous)",,,,,,,,,,,ran,"Abies, Picea, Pseudotsuga, Taxus",,,,,,,,False,,False,,False,,,,False,False,,False,,,,True,"no GBIF or SEAD match at any rank; ambiguous genus suffix match, candidates: Abies, Picea, Pseudotsuga, Taxus"
människa,1173,animal (common name),människa,Homo sapiens,Animalia,2436436.0,Homo sapiens,SPECIES,EXACT,100.0,https://www.gbif.org/species/2436436,Human,"männinska, människa, männska",,carried-over (species_split_taxa_gbif_matches.csv),Homo,Hominidae,Primates,Animalia,Homo sapiens,Primates,False,Hominidae,False,Homo,False,sapiens,Homo sapiens,47011,True,False,4275,True,människa,2,new taxon 'Homo sapiens'; new Swedish common name 'människa',False,
cerealia,842,genus (latin),,,Plantae,6.0,Plantae,KINGDOM,HIGHERRANK,99.0,https://www.gbif.org/species/6,Plants,"ceerealia indet, ceralia, cerealia, cerealia frag, cerealia idet, cerealia indet, cerealia sp, cerealis indet, cerelia indet, cereralia, crerealia indet, halm, halmstrå",,carried-over (species_split_taxa_gbif_matches.csv),,,,Plantae,Cerealia,Cerealia,False,Cerealia,False,Cerealia,False,indet.,Cerealia indet.,17995,False,False,4276,True,Plants,1,new English common name 'Plants',False,
indet?,709,,,,,,,,,,,,"förkolnad, förkolnade, kotefjjäl, kottefjäll, kvist, kvistspetsar, lövträ, lövträd, obestämt, obränd, oförkolnat material, oid, oid., okänt ursprung, organisk massa, ospec, ospec., sot i keramik, sotig jord, stamdelar ört, terrest, textil, textilfragment, torne, tågvirke",,,,,,,,,False,,False,,False,,,,False,False,,False,,,,True,no GBIF or SEAD match at any rank; marked uncertain ('?') in the manual mapping
salix,466,genus (latin),,,Plantae,3039576.0,Salix,GENUS,EXACT,95.0,https://www.gbif.org/species/3039576,Sallow,salix,,carried-over (species_split_taxa_gbif_matches.csv),Salix,Salicaceae,Malpighiales,Plantae,Salix,Salicales,False,Salicaceae,False,Salix,False,sp.,Salix sp.,18215,False,False,4277,True,Sallow,1,new English common name 'Sallow',False,
salix sp,465,genus (latin),,,Plantae,3039576.0,Salix,GENUS,EXACT,95.0,https://www.gbif.org/species/3039576,Sallow,salix sp,,carried-over (species_split_taxa_gbif_matches.csv),Salix,Salicaceae,Malpighiales,Plantae,Salix,Salicales,False,Salicaceae,False,Salix,False,sp.,Salix sp.,18215,False,False,4277,True,Sallow,1,new English common name 'Sallow',False,
däggdjur?,423,animal (common name),nörkreatur,Bos taurus,Animalia,2441022.0,Bos taurus,SPECIES,EXACT,100.0,https://www.gbif.org/species/2441022,Aurochs,"däggdjur, däggfjur, hår, litet däggdjur, nörkreatur, nöt, nötboskap, nötfiber, nöthår, nötkreatur, nötkrestur, stor gräsätare, större däggdjur, tagel",,carried-over (species_split_taxa_gbif_matches.csv),Bos,Bovidae,Artiodactyla,Animalia,Bos taurus,Artiodactyla,True,Bovidae,True,Bos,True,taurus,Bos taurus,47010,True,False,4278,True,däggdjur,2,new order 'Artiodactyla'; new family 'Bovidae'; new genus 'Bos'; new taxon 'Bos taurus'; new Swedish common name 'däggdjur',True,marked uncertain ('?') in the manual mapping
ask,374,species (common name),ask,Fraxinus excelsior,Plantae,3172358.0,Fraxinus excelsior,SPECIES,EXACT,99.0,https://www.gbif.org/species/3172358,Ash,"ask, askl",,carried-over (species_split_taxa_gbif_matches.csv),Fraxinus,Oleaceae,Lamiales,Plantae,Fraxinus excelsior,,False,,False,Fraxinus,False,excelsior,Fraxinus excelsior,3213,False,True,2542,False,ask,2,,False,
indet,362,,,,,,,,,,,,"indet, pollen, smidesloppor, snöre, stjälkar förkolnad, strå, strå och örtfragment, strån",,,,,,,,,False,,False,,False,,,,False,False,,False,,,,True,no GBIF or SEAD match at any rank
en,349,species (common name),en,Juniperus communis ssp communis,Plantae,6319348.0,Juniperus communis communis,SUBSPECIES,EXACT,100.0,https://www.gbif.org/species/6319348,Common Juniper,"en, enbark, enbär, enfrön, enkorn, enmöjl gran",,carried-over (species_split_taxa_gbif_matches.csv),Juniperus,Cupressaceae,Pinales,Plantae,Juniperus communis ssp communis,,False,,False,Juniperus,False,communis ssp communis,Juniperus communis ssp communis,1880,False,True,1510,False,en,2,,False,
matskorpa,325,,,,,,,,,,,,"matskopa, matskorpa, matskorpa (ins), matskorpa (sol)",,,,,,,,,False,,False,,False,,,,False,False,,False,,,,True,no GBIF or SEAD match at any rank
asp,320,species (common name),asp,Populus tremula,Plantae,3040249.0,Populus tremula,SPECIES,EXACT,100.0,https://www.gbif.org/species/3040249,Aspen,asp,,carried-over (species_split_taxa_gbif_matches.csv),Populus,Salicaceae,Malpighiales,Plantae,Populus tremula,,False,,False,Populus,False,tremula,Populus tremula,5051,False,True,3871,False,asp,2,,False,
plant indet?,316,,,,,,,,,,,,"frökapsel, fröskal, förkolnad ört, förkolnade rottrådar, grässtrå, grässtrån, gröt, harts, harts eller träkol, rhizom, rot, rotfilt, rotfilt örtstam, rotfragment, rotknöl, rottråd, rottrådar, rotttrådar, samt träkol, träkol, växtdelar ört, ört, örtdelar, örtfragment, örtstam, örtstam och rot, örtstjälk, örtstjälkar",,,,,,,,,False,,False,,False,,,,False,False,,False,,,,True,no GBIF or SEAD match at any rank; marked uncertain ('?') in the manual mapping
emmervete,278,species (common name),emmervete,Triticum turgidum,Plantae,2706406.0,Triticum turgidum,SPECIES,EXACT,99.0,https://www.gbif.org/species/2706406,Rivet Wheat,"emme, emmer, emmervete, spelt- emmervete",,carried-over (species_split_taxa_gbif_matches.csv),Triticum,Poaceae,Poales,Plantae,Triticum turgidum,,False,,False,Triticum,False,turgidum,Triticum turgidum,4146,False,True,3183,False,emmervete,2,,False,
vete,271,species (common name),vete,Triticum aestivum,Plantae,7795888.0,Triticum aestivum,SPECIES,EXACT,99.0,https://www.gbif.org/species/7795888,Bread Wheat,"skalvete, vete",,carried-over (species_split_taxa_gbif_matches.csv),Triticum,Poaceae,Poales,Plantae,Triticum aestivum,,False,,False,Triticum,False,aestivum,Triticum aestivum,4143,False,True,3180,False,vete,2,,False,
lin,239,species (common name),lin,Linum usitatissimum,Plantae,2873861.0,Linum usitatissimum,SPECIES,EXACT,99.0,https://www.gbif.org/species/2873861,Common Flax,"lin, linfiber, linfrö",,carried-over (species_split_taxa_gbif_matches.csv),Linum,Linaceae,Malpighiales,Plantae,Linum usitatissimum,,False,,False,Linum,False,usitatissimum,Linum usitatissimum,3112,False,True,2453,False,lin,2,,False,
trä?,220,,,,,,,,,,,,"bark, barr, barrträd, basstamdelar, knopp",,,,,,,,,False,,False,,False,,,,False,False,,False,,,,True,no GBIF or SEAD match at any rank; marked uncertain ('?') in the manual mapping
lind,220,species (common name),lind,Tilia cordata,Plantae,3152047.0,Tilia cordata,SPECIES,EXACT,99.0,https://www.gbif.org/species/3152047,Linden,"lind, lindbark, lindbast",,carried-over (species_split_taxa_gbif_matches.csv),Tilia,Malvaceae,Malvales,Plantae,Tilia cordata,,False,,False,Tilia,False,cordata,Tilia cordata,5492,False,True,4164,False,lind,2,,False,
speltvete,208,species (common name),speltvete,Triticum spelta,Plantae,2706402.0,Triticum spelta,SPECIES,EXACT,100.0,https://www.gbif.org/species/2706402,Spelt,"spel, spelt, speltvete",,carried-over (species_split_taxa_gbif_matches.csv),Triticum,Poaceae,Poales,Plantae,Triticum spelta,,False,,False,Triticum,False,spelta,Triticum spelta,4145,False,True,3182,False,speltvete,2,,False,
maloideae,179,,,,,,,,,,,,"maloidea, maloideae, maloidear",,,,,,,,,False,,False,,False,,,,False,False,,False,,,,True,no GBIF or SEAD match at any rank
lönn,175,species (common name),lönn,Acer platanoides,Plantae,3189846.0,Acer platanoides,SPECIES,EXACT,100.0,https://www.gbif.org/species/3189846,Norway Maple,lönn,,carried-over (species_split_taxa_gbif_matches.csv),Acer,Sapindaceae,Sapindales,Plantae,Acer platanoides,,False,,False,Acer,False,platanoides,Acer platanoides,5,False,True,5,False,lönn,2,,False,
naket,113,,,,,,,,,,,,"najet korn, naket, naket kor",,,,,,,,,False,,False,,False,,,,False,False,,False,,,,True,no GBIF or SEAD match at any rank
bröd?,106,,,,,,,,,,,,bröd,,,,,,,,,False,,False,,False,,,,False,False,,False,,,,True,no GBIF or SEAD match at any rank; marked uncertain ('?') in the manual mapping
råg,98,species (common name),råg,Secale cereale,Plantae,2705966.0,Secale cereale,SPECIES,EXACT,99.0,https://www.gbif.org/species/2705966,Cereal Rye,råg,,carried-over (species_split_taxa_gbif_matches.csv),Secale,Poaceae,Poales,Plantae,Secale cereale,,False,,False,Secale,False,cereale,Secale cereale,4106,False,True,3151,False,råg,2,,False,
häst,96,animal (common name),häst,Equus caballus,Animalia,2440886.0,Equus caballus,SPECIES,EXACT,100.0,https://www.gbif.org/species/2440886,Alberta Mountain Horse,"häst, hästböna, hästsko, hästspillning, hästtand",,carried-over (species_split_taxa_gbif_matches.csv),Equus,Equidae,Perissodactyla,Animalia,Equus caballus,Perissodactyla,True,Equidae,True,Equus,True,caballus,Equus caballus,47012,True,False,4279,True,häst,2,new order 'Perissodactyla'; new family 'Equidae'; new genus 'Equus'; new taxon 'Equus caballus'; new Swedish common name 'häst',False,
bok,81,species (common name),bok,Fagus sylvatica,Plantae,2882316.0,Fagus sylvatica,SPECIES,EXACT,100.0,https://www.gbif.org/species/2882316,Beech,bok,,carried-over (species_split_taxa_gbif_matches.csv),Fagus,Fagaceae,Fagales,Plantae,Fagus sylvatica,,False,,False,Fagus,False,sylvatica,Fagus sylvatica,2610,False,True,2032,False,bok,2,,False,
svin,73,animal (common name),svin,Sus scrofa domesticus,Animalia,11374585.0,Sus scrofa domesticus,SUBSPECIES,EXACT,99.0,https://www.gbif.org/species/11374585,Domestic Pig,"get alt. svin, svin, svinbete, tamsvin",,carried-over (species_split_taxa_gbif_matches.csv),Sus,Suidae,Artiodactyla,Animalia,Sus scrofa domesticus,Artiodactyla,True,Suidae,True,Sus,True,scrofa domesticus,Sus scrofa domesticus,47013,True,False,4280,True,svin,2,new order 'Artiodactyla'; new family 'Suidae'; new genus 'Sus'; new taxon 'Sus scrofa domesticus'; new Swedish common name 'svin',False,
alm,72,"genus (suffix, ambiguous)",,,,,,,,,,,alm,"Cocos, Phoenix, Ulmus",,,,,,,,False,,False,,False,,,,False,False,,False,,,,True,"no GBIF or SEAD match at any rank; ambiguous genus suffix match, candidates: Cocos, Phoenix, Ulmus"
nävesläktet?,68,gbif only (no prior SEAD anchor),,,Plantae,304058091,Geranium,GENUS,VERNACULAR,,,Cranebills,näver,,species/search (vernacular),Geranium,Geraniaceae,Geraniales,Plantae,,Geraniales,False,Geraniaceae,False,Geranium,False,indet.,Geranium indet.,47014,True,False,4281,True,nävesläktet,2,new taxon 'Geranium indet.'; new Swedish common name 'nävesläktet',True,weak GBIF match (VERNACULAR); marked uncertain ('?') in the manual mapping
säl,60,animal (family),säl,,Animalia,5310.0,Phocidae,FAMILY,EXACT,96.0,https://www.gbif.org/species/5310,Crawling Seals,säl,,carried-over (species_split_taxa_gbif_matches.csv),,Phocidae,Carnivora,Animalia,Phocidae,Carnivora,True,Phocidae,True,Phocidae indet,True,indet.,Phocidae indet indet.,47015,True,False,4282,True,säl,2,new order 'Carnivora'; new family 'Phocidae'; new genus 'Phocidae indet'; new taxon 'Phocidae indet indet.'; new Swedish common name 'säl',False,
får,59,animal (common name),får,Ovis aries,Animalia,2441110.0,Ovis aries,SPECIES,EXACT,99.0,https://www.gbif.org/species/2441110,Domestic Sheep,"får, fårtand",,carried-over (species_split_taxa_gbif_matches.csv),Ovis,Bovidae,Artiodactyla,Animalia,Ovis aries,Artiodactyla,True,Bovidae,True,Ovis,True,aries,Ovis aries,47016,True,False,4283,True,får,2,new order 'Artiodactyla'; new family 'Bovidae'; new genus 'Ovis'; new taxon 'Ovis aries'; new Swedish common name 'får',False,
kubbvete,59,gbif only (no prior SEAD anchor),,,Plantae,160025822,Triticum compactum,SPECIES,VERNACULAR,,,,"bröd- kubbvete, kubbvete",,species/search (vernacular),Triticum,Poaceae,Poales,Plantae,,Poales,False,Poaceae,False,Triticum,False,spp.,Triticum spp.,18240,False,False,4284,True,kubbvete,2,new Swedish common name 'kubbvete',True,weak GBIF match (VERNACULAR)
havre,57,species (common name),havre,Avena sativa var sativa,Plantae,7432992.0,Avena sativa sativa,VARIETY,EXACT,100.0,https://www.gbif.org/species/7432992,,"haver, havre",,carried-over (species_split_taxa_gbif_matches.csv),Avena,Poaceae,Poales,Plantae,Avena sativa var sativa,,False,,False,Avena,False,sativa var sativa,Avena sativa var sativa,3743,False,True,2882,False,havre,2,,False,
pomoidea,52,,,,,,,,,,,,pomoidea,,,,,,,,,False,,False,,False,,,,False,False,,False,,,,True,no GBIF or SEAD match at any rank
pomoideae,51,,,,,,,,,,,,pomoideae,,,,,,,,,False,,False,,False,,,,False,False,,False,,,,True,no GBIF or SEAD match at any rank
get,49,animal (common name),get,Capra hircus,Animalia,2441056.0,Capra hircus,SPECIES,EXACT,100.0,https://www.gbif.org/species/2441056,Billy Goat,"get, get alt. svin",,carried-over (species_split_taxa_gbif_matches.csv),Capra,Bovidae,Artiodactyla,Animalia,Capra hircus,Artiodactyla,True,Bovidae,True,Capra,True,hircus,Capra hircus,47017,True,False,4285,True,get,2,new order 'Artiodactyla'; new family 'Bovidae'; new genus 'Capra'; new taxon 'Capra hircus'; new Swedish common name 'get',False,
naket?,48,,,,,,,,,,,,naket korn,,,,,,,,,False,,False,,False,,,,False,False,,False,,,,True,no GBIF or SEAD match at any rank; marked uncertain ('?') in the manual mapping
sol?,47,,,,,,,,,,,,"(sol), sol, sol fraktion, sol-fraktion",,,,,,,,,False,,False,,False,,,,False,False,,False,,,,True,no GBIF or SEAD match at any rank; marked uncertain ('?') in the manual mapping
brödvete,40,,,,,,,,,,,,"bröd- kubbvete, brödvete",,,,,,,,,False,,False,,False,,,,False,False,,False,,,,True,no GBIF or SEAD match at any rank
hjortdjur,29,animal (family),hjortdjur,Cervus elaphus,Animalia,2440958.0,Cervus elaphus,SPECIES,EXACT,100.0,https://www.gbif.org/species/2440958,Barbary Red Deer (barbarus),"hjort, hjortdjur, hjorthår",,carried-over (species_split_taxa_gbif_matches.csv),Cervus,Cervidae,Artiodactyla,Animalia,Cervus elaphus,Artiodactyla,True,Cervidae,True,Cervus,True,elaphus,Cervus elaphus,47018,True,False,4286,True,hjortdjur,2,new order 'Artiodactyla'; new family 'Cervidae'; new genus 'Cervus'; new taxon 'Cervus elaphus'; new Swedish common name 'hjortdjur',False,
hordeum,26,genus (latin),,,Plantae,2706050.0,Hordeum,GENUS,EXACT,96.0,https://www.gbif.org/species/2706050,Barley,hordeum,,carried-over (species_split_taxa_gbif_matches.csv),Hordeum,Poaceae,Poales,Plantae,Hordeum,Poales,False,Poaceae,False,Hordeum,False,sp.,Hordeum sp.,18012,False,False,4287,True,Barley,1,new English common name 'Barley',False,
älg,25,animal (common name),älg,Alces alces,Animalia,2440940.0,Alces alces,SPECIES,EXACT,100.0,https://www.gbif.org/species/2440940,Alce,älg,,carried-over (species_split_taxa_gbif_matches.csv),Alces,Cervidae,Artiodactyla,Animalia,Alces alces,Artiodactyla,True,Cervidae,True,Alces,True,alces,Alces alces,47019,True,False,4288,True,älg,2,new order 'Artiodactyla'; new family 'Cervidae'; new genus 'Alces'; new taxon 'Alces alces'; new Swedish common name 'älg',False,
brudbröd,22,species (common name),brudbröd,Filipendula vulgaris,Plantae,2988069.0,Filipendula vulgaris,SPECIES,EXACT,99.0,https://www.gbif.org/species/2988069,Dropwort,"brudberöd, brudbröd",,carried-over (species_split_taxa_gbif_matches.csv),Filipendula,Rosaceae,Rosales,Plantae,Filipendula vulgaris,,False,,False,Filipendula,False,vulgaris,Filipendula vulgaris,4671,False,True,3575,False,brudbröd,2,,False,
gräs,22,"genus (suffix, ambiguous)",,,,,,,,,,,gräs,"Scheuchzeria, Isoetes, Pilularia, Achnantherum, Arctophila, Beckmannia, Briza, Catabrosa, Chloris, Cinna, Crypsis, Cynodon, Dactyloctenium, Danthonia, Dinebra, Eragrostis, Gastridium, Glyceria, Hierochloe, Leptochloa, Lolium, Mibora, Pennisetum, Phalaris, Phippsia, Polypogon, Puccinellia, Rytidosperma, Schismus, Scolochloa, Snowdenia, Spartina, Sporobolus, Stipa, Taeniatherum, Tragus, Sparganium, Filipendula",,,,,,,,False,,False,,False,,,,False,False,,False,,,,True,"no GBIF or SEAD match at any rank; ambiguous genus suffix match, candidates: Scheuchzeria, Isoetes, Pilularia, Achnantherum, Arctophila, Beckmannia, Briza, Catabrosa, Chloris, Cinna, Crypsis, Cynodon, Dactyloctenium, Danthonia, Dinebra, Eragrostis, Gastridium, Glyceria, Hierochloe, Leptochloa, Lolium, Mibora, Pennisetum, Phalaris, Phippsia, Polypogon, Puccinellia, Rytidosperma, Schismus, Scolochloa, Snowdenia, Spartina, Sporobolus, Stipa, Taeniatherum, Tragus, Sparganium, Filipendula"
hund,22,animal (common name),hund,Canis lupus familiaris,Animalia,6164210.0,Canis lupus familiaris,SUBSPECIES,EXACT,100.0,https://www.gbif.org/species/6164210,Domestic Dog,hund,,carried-over (species_split_taxa_gbif_matches.csv),Canis,Canidae,Carnivora,Animalia,Canis lupus familiaris,Carnivora,True,Canidae,True,Canis,True,lupus familiaris,Canis lupus familiaris,47020,True,False,4289,True,hund,2,new order 'Carnivora'; new family 'Canidae'; new genus 'Canis'; new taxon 'Canis lupus familiaris'; new Swedish common name 'hund',False,
djur,21,gbif only (no prior SEAD anchor),,,Animalia,159935719,Animalia,KINGDOM,VERNACULAR,,,,djurben,,species/search (vernacular),,,,Animalia,,,False,,False,,False,,,,False,False,,False,,,,True,no GBIF or SEAD match at any rank; weak GBIF match (VERNACULAR)
kronhjort,20,animal (common name),kronhjort,Cervus elaphus,Animalia,2440958.0,Cervus elaphus,SPECIES,EXACT,100.0,https://www.gbif.org/species/2440958,Barbary Red Deer (barbarus),kronhjort,,carried-over (species_split_taxa_gbif_matches.csv),Cervus,Cervidae,Artiodactyla,Animalia,Cervus elaphus,Artiodactyla,True,Cervidae,True,Cervus,True,elaphus,Cervus elaphus,47018,True,False,4290,True,kronhjort,2,new order 'Artiodactyla'; new family 'Cervidae'; new genus 'Cervus'; new taxon 'Cervus elaphus'; new Swedish common name 'kronhjort',False,
djur?,19,species (common name),tandrot,Cardamine bulbifera,Plantae,3045931.0,Cardamine bulbifera,SPECIES,EXACT,99.0,https://www.gbif.org/species/3045931,Coralroot,"gräsätare, hjärnsubstans, hörntand, koprolit, läder, tandrot, tjärat nöthår, tänder",,carried-over (species_split_taxa_gbif_matches.csv),Cardamine,Brassicaceae,Brassicales,Plantae,Cardamine bulbifera,Brassicales,False,Brassicaceae,False,Cardamine,False,bulbifera,Cardamine bulbifera,1146,False,False,925,False,djur,2,,True,marked uncertain ('?') in the manual mapping
brakved,18,species (common name),brakved,Frangula alnus,Plantae,3039454.0,Frangula alnus,SPECIES,EXACT,100.0,https://www.gbif.org/species/3039454,Alder Buckthorn,brakved,,carried-over (species_split_taxa_gbif_matches.csv),Frangula,Rhamnaceae,Rosales,Plantae,Frangula alnus,,False,,False,Frangula,False,alnus,Frangula alnus,4559,False,True,3476,False,brakved,2,,False,
ull,14,"genus (suffix, ambiguous)",,,Plantae,160027178,Eriophorum,GENUS,VERNACULAR,,,,"ull, ulltextil","Nymphoides, Polemonium, Eriophorum",species/search (vernacular),Eriophorum,Cyperaceae,Poales,Plantae,,Poales,False,Cyperaceae,False,Eriophorum,False,sp.,Eriophorum sp.,18253,False,False,4291,True,ull,2,new Swedish common name 'ull',True,"ambiguous genus suffix match, candidates: Nymphoides, Polemonium, Eriophorum; weak GBIF match (VERNACULAR)"
populus,14,genus (latin),,,Plantae,3040183.0,Populus,GENUS,EXACT,96.0,https://www.gbif.org/species/3040183,"Aspen, Cottonwood, Poplar",populus,,carried-over (species_split_taxa_gbif_matches.csv),Populus,Salicaceae,Malpighiales,Plantae,Populus,Salicales,False,Salicaceae,False,Populus,False,sp.,Populus sp.,39607,False,False,4292,True,"Aspen, Cottonwood, Poplar",1,"new English common name 'Aspen, Cottonwood, Poplar'",False,
prunus sp,12,genus (latin),,,Plantae,3020559.0,Prunus,GENUS,HIGHERRANK,95.0,https://www.gbif.org/species/3020559,"Almond, Cherry, Plum",prunus sp,,carried-over (species_split_taxa_gbif_matches.csv),Prunus,Rosaceae,Rosales,Plantae,Prunus,Rosales,False,Rosaceae,False,Prunus,False,indet.,Prunus indet.,47021,True,False,4293,True,"Almond, Cherry, Plum",1,"new taxon 'Prunus indet.'; new English common name 'Almond, Cherry, Plum'",False,
ren,12,animal (common name),ren,Rangifer tarandus,Animalia,5220114.0,Rangifer tarandus,SPECIES,EXACT,100.0,https://www.gbif.org/species/5220114,Caribou,"ren, renhår",,carried-over (species_split_taxa_gbif_matches.csv),Rangifer,Cervidae,Artiodactyla,Animalia,Rangifer tarandus,Artiodactyla,True,Cervidae,True,Rangifer,True,tarandus,Rangifer tarandus,47022,True,False,4294,True,ren,2,new order 'Artiodactyla'; new family 'Cervidae'; new genus 'Rangifer'; new taxon 'Rangifer tarandus'; new Swedish common name 'ren',False,
Starrsläktet,12,"genus (suffix, ambiguous)",,,Plantae,296322706,Carex,GENUS,VERNACULAR,,,Sedges,starr,,species/search (vernacular),Carex,Cyperaceae,Poales,Plantae,,Poales,False,Cyperaceae,False,Carex,False,sp.,Carex sp.,39575,False,False,4295,True,Starrsläktet,2,new Swedish common name 'Starrsläktet',True,ambiguous genus suffix match (candidates not available); weak GBIF match (VERNACULAR)
populus sp,12,genus (latin),,,Plantae,3040183.0,Populus,GENUS,EXACT,96.0,https://www.gbif.org/species/3040183,"Aspen, Cottonwood, Poplar",populus sp,,carried-over (species_split_taxa_gbif_matches.csv),Populus,Salicaceae,Malpighiales,Plantae,Populus,Salicales,False,Salicaceae,False,Populus,False,sp.,Populus sp.,39607,False,False,4292,True,"Aspen, Cottonwood, Poplar",1,"new English common name 'Aspen, Cottonwood, Poplar'",False,
hordeum vulgare,11,,,,,,,,,,,,hordeum vulgare,,,,,,,,,False,,False,,False,,,,False,False,,False,,,,True,no GBIF or SEAD match at any rank
fisk,11,,,,,,,,,,,,"fisk, fiskben, fiskfjäll",,,,,,,,,False,,False,,False,,,,False,False,,False,,,,True,no GBIF or SEAD match at any rank
knylhavre,11,species (common name),knylhavre,Arrhenatherum elatius ssp elatius,Plantae,9781113.0,Arrhenatherum elatius elatius,SUBSPECIES,EXACT,100.0,https://www.gbif.org/species/9781113,False Oat-grass,knylhavre,,carried-over (species_split_taxa_gbif_matches.csv),Arrhenatherum,Poaceae,Poales,Plantae,Arrhenatherum elatius ssp elatius,,False,,False,Arrhenatherum,False,elatius ssp elatius,Arrhenatherum elatius ssp elatius,3737,False,True,2877,False,knylhavre,2,,False,
bäver,11,animal (common name),bäver,Castor fiber,Animalia,4409131.0,Castor fiber,SPECIES,EXACT,100.0,https://www.gbif.org/species/4409131,Beaver,bäver,,carried-over (species_split_taxa_gbif_matches.csv),Castor,Castoridae,Rodentia,Animalia,Castor fiber,Rodentia,True,Castoridae,True,Castor,True,fiber,Castor fiber,47023,True,False,4296,True,bäver,2,new order 'Rodentia'; new family 'Castoridae'; new genus 'Castor'; new taxon 'Castor fiber'; new Swedish common name 'bäver',False,
vildsvin,9,animal (common name),vildsvin,Sus scrofa,Animalia,7705930.0,Sus scrofa,SPECIES,EXACT,100.0,https://www.gbif.org/species/7705930,Boar,vildsvin,,carried-over (species_split_taxa_gbif_matches.csv),Sus,Suidae,Artiodactyla,Animalia,Sus scrofa,Artiodactyla,True,Suidae,True,Sus,True,scrofa,Sus scrofa,47024,True,False,4297,True,vildsvin,2,new order 'Artiodactyla'; new family 'Suidae'; new genus 'Sus'; new taxon 'Sus scrofa'; new Swedish common name 'vildsvin',False,
ljung,9,species (common name),ljung,Calluna vulgaris,Plantae,2882482.0,Calluna vulgaris,SPECIES,EXACT,99.0,https://www.gbif.org/species/2882482,Common Heather,ljung,,carried-over (species_split_taxa_gbif_matches.csv),Calluna,Ericaceae,Ericales,Plantae,Calluna vulgaris,,False,,False,Calluna,False,vulgaris,Calluna vulgaris,2249,False,True,1734,False,ljung,2,,False,
mjölon,9,species (common name),mjölon,Arctostaphylos uva-ursi,Plantae,2882580.0,Arctostaphylos uva-ursi,SPECIES,EXACT,100.0,https://www.gbif.org/species/2882580,Bear-grape,mjölon,,carried-over (species_split_taxa_gbif_matches.csv),Arctostaphylos,Ericaceae,Ericales,Plantae,Arctostaphylos uva-ursi,,False,,False,Arctostaphylos,False,uva-ursi,Arctostaphylos uva-ursi,2248,False,True,1733,False,mjölon,2,,False,
triticum,9,genus (latin),,,Plantae,2706388.0,Triticum,GENUS,EXACT,96.0,https://www.gbif.org/species/2706388,Wheat,triticum,,carried-over (species_split_taxa_gbif_matches.csv),Triticum,Poaceae,Poales,Plantae,Triticum,Poales,False,Poaceae,False,Triticum,False,spp.,Triticum spp.,18240,False,False,4298,True,Wheat,1,new English common name 'Wheat',False,
målla,8,"genus (suffix, ambiguous)",,,,,,,,,,,målla,"Atriplex, Axyris, Bassia, Chenopodium",,,,,,,,False,,False,,False,,,,False,False,,False,,,,True,"no GBIF or SEAD match at any rank; ambiguous genus suffix match, candidates: Atriplex, Axyris, Bassia, Chenopodium"
svinmålla,8,species (common name),svinmålla,Chenopodium album var album,Plantae,7219474.0,Chenopodium album album,VARIETY,EXACT,100.0,https://www.gbif.org/species/7219474,Lambsquarters,"svinmålla, svinmålla (frö)",,carried-over (species_split_taxa_gbif_matches.csv),Chenopodium,Amaranthaceae,Caryophyllales,Plantae,Chenopodium album var album,,False,,False,Chenopodium,False,album var album,Chenopodium album var album,1678,False,True,1339,False,svinmålla,2,,False,
cf pinus sp,8,genus (latin),,,Plantae,2684241.0,Pinus,GENUS,EXACT,96.0,https://www.gbif.org/species/2684241,Deal,cf pinus sp,,carried-over (species_split_taxa_gbif_matches.csv),Pinus,Pinaceae,Pinales,Plantae,Pinus,Pinales,False,Pinaceae,False,Pinus,False,sp.,Pinus sp.,18197,False,False,4299,True,Deal,1,new English common name 'Deal',False,
hovdjur,7,,,,,,,,,,,,"hovdjur, stort hovdjur",,,,,,,,,False,,False,,False,,,,False,False,,False,,,,True,no GBIF or SEAD match at any rank
cf quercus sp,7,genus (latin),,,Plantae,2877951.0,Quercus,GENUS,EXACT,96.0,https://www.gbif.org/species/2877951,Acorn,cf quercus sp,,carried-over (species_split_taxa_gbif_matches.csv),Quercus,Fagaceae,Fagales,Plantae,Quercus,Fagales,False,Fagaceae,False,Quercus,False,sp.,Quercus sp.,18172,False,False,4300,True,Acorn,1,new English common name 'Acorn',False,
hallon,7,species (common name),hallon,Rubus idaeus,Plantae,2993094.0,Rubus idaeus,SPECIES,EXACT,99.0,https://www.gbif.org/species/2993094,American Red Raspberry,hallon,,carried-over (species_split_taxa_gbif_matches.csv),Rubus,Rosaceae,Rosales,Plantae,Rubus idaeus,,False,,False,Rubus,False,idaeus,Rubus idaeus,4867,False,True,3711,False,hallon,2,,False,
björn,6,animal (common name),björn,Ursus arctos,Animalia,2433433.0,Ursus arctos,SPECIES,EXACT,100.0,https://www.gbif.org/species/2433433,Brown Bear,björn,,carried-over (species_split_taxa_gbif_matches.csv),Ursus,Ursidae,Carnivora,Animalia,Ursus arctos,Carnivora,True,Ursidae,True,Ursus,True,arctos,Ursus arctos,47025,True,False,4301,True,björn,2,new order 'Carnivora'; new family 'Ursidae'; new genus 'Ursus'; new taxon 'Ursus arctos'; new Swedish common name 'björn',False,
bärris,6,,,,,,,,,,,,bärris,,,,,,,,,False,,False,,False,,,,False,False,,False,,,,True,no GBIF or SEAD match at any rank
bränt?,6,,,,,,,,,,,,bränt,,,,,,,,,False,,False,,False,,,,False,False,,False,,,,True,no GBIF or SEAD match at any rank; marked uncertain ('?') in the manual mapping
igelknopp,6,species (common name),igelknopp,Sparganium emersum,Plantae,2702266.0,Sparganium emersum,SPECIES,EXACT,100.0,https://www.gbif.org/species/2702266,European Bur-reed,"igelknopp, stor igelknopp",,carried-over (species_split_taxa_gbif_matches.csv),Sparganium,Typhaceae,Poales,Plantae,Sparganium emersum,,False,,False,Sparganium,False,emersum,Sparganium emersum,5510,False,True,4176,False,igelknopp,2,,False,
vaccinium sp,6,genus (latin),,,Plantae,2882813.0,Vaccinium,GENUS,EXACT,96.0,https://www.gbif.org/species/2882813,Bilberries,vaccinium sp,,carried-over (species_split_taxa_gbif_matches.csv),Vaccinium,Ericaceae,Ericales,Plantae,Vaccinium,Ericales,False,Ericaceae,False,Vaccinium,False,indet.,Vaccinium indet.,47026,True,False,4302,True,Bilberries,1,new taxon 'Vaccinium indet.'; new English common name 'Bilberries',False,
ros,6,"genus (suffix, ambiguous)",,,,,,,,,,,ros,"Helianthus, Taraxacum, Rhododendron, Lathraea, Alcea, Nuphar, Nymphaea, Helleborus, Rosa",,,,,,,,False,,False,,False,,,,False,False,,False,,,,True,"no GBIF or SEAD match at any rank; ambiguous genus suffix match, candidates: Helianthus, Taraxacum, Rhododendron, Lathraea, Alcea, Nuphar, Nymphaea, Helleborus, Rosa"
svalört,6,species (common name),svalört,Ranunculus ficaria ssp ficaria,Plantae,8204202.0,Ranunculus ficaria ficaria,SUBSPECIES,EXACT,100.0,https://www.gbif.org/species/8204202,,"svalört, svalörtsrot",,carried-over (species_split_taxa_gbif_matches.csv),Ficaria,Ranunculaceae,Ranunculales,Plantae,Ranunculus ficaria ssp ficaria,,False,,False,Ranunculus,False,ficaria ssp ficaria,Ranunculus ficaria ssp ficaria,4501,False,True,3428,False,svalört,2,,False,
ärta,6,"genus (suffix, ambiguous)",,,,,,,,,,,ärta,"Dicentra, Lamprocapnos",,,,,,,,False,,False,,False,,,,False,False,,False,,,,True,"no GBIF or SEAD match at any rank; ambiguous genus suffix match, candidates: Dicentra, Lamprocapnos"
idegran,6,species (common name),idegran,Taxus baccata,Plantae,5284517.0,Taxus baccata,SPECIES,EXACT,99.0,https://www.gbif.org/species/5284517,Canada Yew,idegran,,carried-over (species_split_taxa_gbif_matches.csv),Taxus,Taxaceae,Pinales,Plantae,Taxus baccata,,False,,False,Taxus,False,baccata,Taxus baccata,5483,False,True,4155,False,idegran,2,,False,
cf salix sp,5,genus (latin),,,Plantae,3039576.0,Salix,GENUS,EXACT,95.0,https://www.gbif.org/species/3039576,Sallow,cf salix sp,,carried-over (species_split_taxa_gbif_matches.csv),Salix,Salicaceae,Malpighiales,Plantae,Salix,Salicales,False,Salicaceae,False,Salix,False,sp.,Salix sp.,18215,False,False,4277,True,Sallow,1,new English common name 'Sallow',False,
vikare,5,animal (common name),vikare,Pusa hispida,Animalia,5219369.0,Pusa hispida,SPECIES,EXACT,100.0,https://www.gbif.org/species/5219369,Arctic Ringed Seal,vikare,,carried-over (species_split_taxa_gbif_matches.csv),Pusa,Phocidae,Carnivora,Animalia,Pusa hispida,Carnivora,True,Phocidae,True,Pusa,True,hispida,Pusa hispida,47027,True,False,4303,True,vikare,2,new order 'Carnivora'; new family 'Phocidae'; new genus 'Pusa'; new taxon 'Pusa hispida'; new Swedish common name 'vikare',False,
poppel,5,genus (suffix-inferred),,,Plantae,3040183.0,Populus,GENUS,EXACT,96.0,https://www.gbif.org/species/3040183,"Aspen, Cottonwood, Poplar",poppel,,carried-over (species_split_taxa_gbif_matches.csv),Populus,Salicaceae,Malpighiales,Plantae,Populus,Salicales,False,Salicaceae,False,Populus,False,sp.,Populus sp.,39607,False,False,4304,True,poppel,2,new Swedish common name 'poppel',False,
gris,5,animal (common name),gris,Sus scrofa domesticus,Animalia,11374585.0,Sus scrofa domesticus,SUBSPECIES,EXACT,99.0,https://www.gbif.org/species/11374585,Domestic Pig,gris,,carried-over (species_split_taxa_gbif_matches.csv),Sus,Suidae,Artiodactyla,Animalia,Sus scrofa domesticus,Artiodactyla,True,Suidae,True,Sus,True,scrofa domesticus,Sus scrofa domesticus,47013,True,False,4305,True,gris,2,new order 'Artiodactyla'; new family 'Suidae'; new genus 'Sus'; new taxon 'Sus scrofa domesticus'; new Swedish common name 'gris',False,
cf picea sp,5,genus (latin),,,Plantae,7606064.0,Picea,GENUS,EXACT,95.0,https://www.gbif.org/species/7606064,Spruce,cf picea sp,,carried-over (species_split_taxa_gbif_matches.csv),Picea,Pinaceae,Pinales,Plantae,Picea,Pinales,False,Pinaceae,False,Picea,False,abies ssp abies,Picea abies ssp abies,3591,False,True,2782,False,gran,2,,False,
cf tilia sp,5,genus (latin),,,Plantae,3152041.0,Tilia,GENUS,EXACT,96.0,https://www.gbif.org/species/3152041,Basswood,cf tilia sp,,carried-over (species_split_taxa_gbif_matches.csv),Tilia,Malvaceae,Malvales,Plantae,Tilia,Malvales,False,Tiliaceae,False,Tilia,False,sp.,Tilia sp.,39507,False,False,4306,True,Basswood,1,new English common name 'Basswood',False,
cf alnus sp,5,genus (latin),,,Plantae,2876099.0,Alnus,GENUS,EXACT,95.0,https://www.gbif.org/species/2876099,Alder,cf alnus sp,,carried-over (species_split_taxa_gbif_matches.csv),Alnus,Betulaceae,Fagales,Plantae,Alnus,Fagales,False,Betulaceae,False,Alnus,False,sp.,Alnus sp.,18087,False,False,4307,True,Alder,1,new English common name 'Alder',False,
pilört,5,genus (suffix-inferred),,,Plantae,6390748.0,Persicaria,GENUS,EXACT,95.0,https://www.gbif.org/species/6390748,Knotweed,pilört,,carried-over (species_split_taxa_gbif_matches.csv),Persicaria,Polygonaceae,Caryophyllales,Plantae,Persicaria,Caryophyllales,False,Polygonaceae,False,Persicaria,False,sp.,Persicaria sp.,39599,False,False,4308,True,pilört,2,new Swedish common name 'pilört',False,
vicker,5,genus (suffix-inferred),,,Plantae,2974751.0,Vicia,GENUS,EXACT,96.0,https://www.gbif.org/species/2974751,Vetch,vicker,,carried-over (species_split_taxa_gbif_matches.csv),Vicia,Fabaceae,Fabales,Plantae,Vicia,Fabales,False,Fabaceae,False,Vicia,False,sp.,Vicia sp.,39582,False,False,4309,True,vicker,2,new Swedish common name 'vicker',False,
olvon,4,species (common name),olvon,Viburnum opulus,Plantae,2888605.0,Viburnum opulus,SPECIES,EXACT,100.0,https://www.gbif.org/species/2888605,Crampbark,olvon,,carried-over (species_split_taxa_gbif_matches.csv),Viburnum,Viburnaceae,Dipsacales,Plantae,Viburnum opulus,,False,,False,Viburnum,False,opulus,Viburnum opulus,25,False,True,23,False,olvon,2,,False,
måra,4,"genus (suffix, ambiguous)",,,,,,,,,,,måra,"Asperula, Cruciata, Galium, Phuopsis",,,,,,,,False,,False,,False,,,,False,False,,False,,,,True,"no GBIF or SEAD match at any rank; ambiguous genus suffix match, candidates: Asperula, Cruciata, Galium, Phuopsis"
rådjur,4,animal (common name),rådjur,Capreolus capreolus,Animalia,5220126.0,Capreolus capreolus,SPECIES,EXACT,100.0,https://www.gbif.org/species/5220126,Corzo,rådjur,,carried-over (species_split_taxa_gbif_matches.csv),Capreolus,Cervidae,Artiodactyla,Animalia,Capreolus capreolus,Artiodactyla,True,Cervidae,True,Capreolus,True,capreolus,Capreolus capreolus,47028,True,False,4310,True,rådjur,2,new order 'Artiodactyla'; new family 'Cervidae'; new genus 'Capreolus'; new taxon 'Capreolus capreolus'; new Swedish common name 'rådjur',False,
hordeum sp,3,genus (latin),,,Plantae,2706050.0,Hordeum,GENUS,EXACT,96.0,https://www.gbif.org/species/2706050,Barley,hordeum sp,,carried-over (species_split_taxa_gbif_matches.csv),Hordeum,Poaceae,Poales,Plantae,Hordeum,Poales,False,Poaceae,False,Hordeum,False,sp.,Hordeum sp.,18012,False,False,4287,True,Barley,1,new English common name 'Barley',False,
gädda,3,animal (common name),gädda,Esox lucius,Animalia,2346633.0,Esox lucius,SPECIES,EXACT,100.0,https://www.gbif.org/species/2346633,American Pike,gädda,,carried-over (species_split_taxa_gbif_matches.csv),Esox,Esocidae,Esociformes,Animalia,Esox lucius,Esociformes,True,Esocidae,True,Esox,True,lucius,Esox lucius,47029,True,False,4311,True,gädda,2,new order 'Esociformes'; new family 'Esocidae'; new genus 'Esox'; new taxon 'Esox lucius'; new Swedish common name 'gädda',False,
gråsäl,3,animal (common name),gråsäl,Halichoerus grypus,Animalia,2434806.0,Halichoerus grypus,SPECIES,EXACT,100.0,https://www.gbif.org/species/2434806,Atlantic Gray Seal,gråsäl,,carried-over (species_split_taxa_gbif_matches.csv),Halichoerus,Phocidae,Carnivora,Animalia,Halichoerus grypus,Carnivora,True,Phocidae,True,Halichoerus,True,grypus,Halichoerus grypus,47030,True,False,4312,True,gråsäl,2,new order 'Carnivora'; new family 'Phocidae'; new genus 'Halichoerus'; new taxon 'Halichoerus grypus'; new Swedish common name 'gråsäl',False,
böna?,3,species (common name),böna,Phaseolus vulgaris,Plantae,5350452.0,Phaseolus vulgaris,SPECIES,EXACT,99.0,https://www.gbif.org/species/5350452,Bean,böna,,carried-over (species_split_taxa_gbif_matches.csv),Phaseolus,Fabaceae,Fabales,Plantae,Phaseolus vulgaris,,False,,False,Phaseolus,False,vulgaris,Phaseolus vulgaris,2494,False,True,1934,False,böna,2,,True,marked uncertain ('?') in the manual mapping
benved,3,species (common name),benved,Evonymus europaeus,Plantae,7403009.0,Evonymus europaeus,SPECIES,EXACT,100.0,https://www.gbif.org/species/7403009,,benved,,carried-over (species_split_taxa_gbif_matches.csv),Euonymus,Celastraceae,Celastrales,Plantae,Evonymus europaeus,,False,,False,Evonymus,False,europaeus,Evonymus europaeus,1622,False,True,1302,False,benved,2,,False,
cf acer sp,3,genus (latin),,,Plantae,3189834.0,Acer,GENUS,HIGHERRANK,95.0,https://www.gbif.org/species/3189834,Maple,cf acer sp,,carried-over (species_split_taxa_gbif_matches.csv),Acer,Sapindaceae,Sapindales,Plantae,Acer,Alismatales,False,Acoraceae,False,Acer,False,sp.,Acer sp.,39510,False,False,4313,True,Maple,1,new English common name 'Maple',False,
säd,3,,,,,,,,,,,,säd,,,,,,,,,False,,False,,False,,,,False,False,,False,,,,True,no GBIF or SEAD match at any rank
oxel,3,species (common name),oxel,Sorbus intermedia,Plantae,5015.0,Rosaceae,FAMILY,HIGHERRANK,99.0,https://www.gbif.org/species/5015,Rose Family,oxel,,carried-over (species_split_taxa_gbif_matches.csv),,Rosaceae,Rosales,Plantae,Sorbus intermedia,,False,,False,Sorbus,False,intermedia,Sorbus intermedia,4943,False,True,3775,False,oxel,2,,False,
hagtorn,3,genus (suffix-inferred),,,Plantae,3013395.0,Crataegus,GENUS,EXACT,96.0,https://www.gbif.org/species/3013395,Haw,hagtorn,,carried-over (species_split_taxa_gbif_matches.csv),Crataegus,Rosaceae,Rosales,Plantae,Crataegus,Rosales,False,Rosaceae,False,Crataegus,False,sp.,Crataegus sp.,39602,False,False,4314,True,hagtorn,2,new Swedish common name 'hagtorn',False,
gråärt,3,gbif only (no prior SEAD anchor),,,Plantae,160020585,Pisum sativum arvense,VARIETY,VERNACULAR,,,,gråärt,,species/search (vernacular),Pisum,Fabaceae,Fabales,Plantae,,Fabales,False,Fabaceae,False,Pisum,False,sp.,Pisum sp.,18255,False,False,4315,True,gråärt,2,new Swedish common name 'gråärt',True,weak GBIF match (VERNACULAR)
getapel,3,species (common name),getapel,Rhamnus catharticus,Plantae,3039491.0,Rhamnus cathartica,SPECIES,FUZZY,97.0,https://www.gbif.org/species/3039491,Buckthorn,getapel,,carried-over (species_split_taxa_gbif_matches.csv),Rhamnus,Rhamnaceae,Rosales,Plantae,Rhamnus catharticus,,False,,False,Rhamnus,False,catharticus,Rhamnus catharticus,4560,False,True,3477,False,getapel,2,,True,weak GBIF match (FUZZY)
triticum aestivum,3,,,,,,,,,,,,triticum aestivum,,,,,,,,,False,,False,,False,,,,False,False,,False,,,,True,no GBIF or SEAD match at any rank
triticum sp,3,genus (latin),,,Plantae,2706388.0,Triticum,GENUS,EXACT,96.0,https://www.gbif.org/species/2706388,Wheat,triticum sp,,carried-over (species_split_taxa_gbif_matches.csv),Triticum,Poaceae,Poales,Plantae,Triticum,Poales,False,Poaceae,False,Triticum,False,spp.,Triticum spp.,18240,False,False,4298,True,Wheat,1,new English common name 'Wheat',False,
sorbus,3,genus (latin),,,Plantae,3012146.0,Sorbus,GENUS,EXACT,96.0,https://www.gbif.org/species/3012146,Mountain Ashes,sorbus,,carried-over (species_split_taxa_gbif_matches.csv),Sorbus,Rosaceae,Rosales,Plantae,Sorbus,Rosales,False,Rosaceae,False,Sorbus,False,indet.,Sorbus indet.,47031,True,False,4316,True,Mountain Ashes,1,new taxon 'Sorbus indet.'; new English common name 'Mountain Ashes',False,
rönn,3,species (common name),rönn,Sorbus aucuparia ssp aucuparia,Plantae,7272117.0,Sorbus aucuparia aucuparia,SUBSPECIES,EXACT,100.0,https://www.gbif.org/species/7272117,European mountain-ash,rönn,,carried-over (species_split_taxa_gbif_matches.csv),Sorbus,Rosaceae,Rosales,Plantae,Sorbus aucuparia ssp aucuparia,,False,,False,Sorbus,False,aucuparia ssp aucuparia,Sorbus aucuparia ssp aucuparia,4937,False,True,3771,False,rönn,2,,False,
starrfrukt,3,,,,,,,,,,,,"starrfrukt, starrfrukter",,,,,,,,,False,,False,,False,,,,False,False,,False,,,,True,no GBIF or SEAD match at any rank
rosa sp,3,genus (latin),,,Plantae,8395064.0,Rosa,GENUS,EXACT,95.0,https://www.gbif.org/species/8395064,Damask Rose,rosa sp,,carried-over (species_split_taxa_gbif_matches.csv),Rosa,Rosaceae,Rosales,Plantae,Rosa,Rosales,False,Rosaceae,False,Rosa,False,indet.,Rosa indet.,47032,True,False,4317,True,Damask Rose,1,new taxon 'Rosa indet.'; new English common name 'Damask Rose',False,
uroxe,3,animal (common name),uroxe,Bos primigenius,Animalia,2441024.0,Bos primigenius,SPECIES,EXACT,100.0,https://www.gbif.org/species/2441024,Auroch,uroxe,,carried-over (species_split_taxa_gbif_matches.csv),Bos,Bovidae,Artiodactyla,Animalia,Bos primigenius,Artiodactyla,True,Bovidae,True,Bos,True,primigenius,Bos primigenius,47033,True,False,4318,True,uroxe,2,new order 'Artiodactyla'; new family 'Bovidae'; new genus 'Bos'; new taxon 'Bos primigenius'; new Swedish common name 'uroxe',False,
trampört,3,genus (suffix-inferred),,,Plantae,2889077.0,Polygonum,GENUS,HIGHERRANK,95.0,https://www.gbif.org/species/2889077,Knotgrass,trampört,,carried-over (species_split_taxa_gbif_matches.csv),Polygonum,Polygonaceae,Caryophyllales,Plantae,Polygonum,Caryophyllales,False,Polygonaceae,False,Polygonum,False,sp.,Polygonum sp.,18181,False,False,4319,True,trampört,2,new Swedish common name 'trampört',False,
sälg,3,species (common name),sälg,Salix caprea ssp caprea,Plantae,7544926.0,Salix caprea caprea,SUBSPECIES,EXACT,100.0,https://www.gbif.org/species/7544926,,sälg,,carried-over (species_split_taxa_gbif_matches.csv),Salix,Salicaceae,Malpighiales,Plantae,Salix caprea ssp caprea,,False,,False,Salix,False,caprea ssp caprea,Salix caprea ssp caprea,5110,False,True,3893,False,sälg,2,,False,
,2,,,,,,,,,,,,,,,,,,,,,False,,False,,False,,,,False,False,,False,,,,False,
vildapel,2,species (common name),vildapel,Malus sylvestris,Plantae,3001509.0,Malus sylvestris,SPECIES,EXACT,99.0,https://www.gbif.org/species/3001509,Crab Apple,vildapel,,carried-over (species_split_taxa_gbif_matches.csv),Malus,Rosaceae,Rosales,Plantae,Malus sylvestris,,False,,False,Malus,False,sylvestris,Malus sylvestris,4692,False,True,3592,False,vildapel,2,,False,
ostron,2,animal (common name),ostron,Ostrea edulis,Animalia,2286060.0,Ostrea edulis,SPECIES,EXACT,100.0,https://www.gbif.org/species/2286060,Edible oyster,ostron,,carried-over (species_split_taxa_gbif_matches.csv),Ostrea,Ostreidae,Ostreida,Animalia,Ostrea edulis,Ostreida,True,Ostreidae,True,Ostrea,True,edulis,Ostrea edulis,47034,True,False,4320,True,ostron,2,new order 'Ostreida'; new family 'Ostreidae'; new genus 'Ostrea'; new taxon 'Ostrea edulis'; new Swedish common name 'ostron',False,
tiggarranunkel,2,species (common name),tiggarranunkel,Ranunculus scleratus,Plantae,9065081.0,Ranunculus scleratus,SPECIES,EXACT,100.0,https://www.gbif.org/species/9065081,,tiggarranunkel,,carried-over (species_split_taxa_gbif_matches.csv),Ranunculus,Ranunculaceae,Ranunculales,Plantae,Ranunculus scleratus,,False,,False,Ranunculus,False,scleratus,Ranunculus scleratus,4534,False,True,3455,False,tiggarranunkel,2,,False,
vikaresäl,2,animal (common name),vikaresäl,Pusa hispida,Animalia,5219369.0,Pusa hispida,SPECIES,EXACT,100.0,https://www.gbif.org/species/5219369,Arctic Ringed Seal,vikaresäl,,carried-over (species_split_taxa_gbif_matches.csv),Pusa,Phocidae,Carnivora,Animalia,Pusa hispida,Carnivora,True,Phocidae,True,Pusa,True,hispida,Pusa hispida,47027,True,False,4321,True,vikaresäl,2,new order 'Carnivora'; new family 'Phocidae'; new genus 'Pusa'; new taxon 'Pusa hispida'; new Swedish common name 'vikaresäl',False,
fågel,2,,,,,,,,,,,,fågel,,,,,,,,,False,,False,,False,,,,False,False,,False,,,,True,no GBIF or SEAD match at any rank
amulettring?,2,,,,,,,,,,,,amulettring,,,,,,,,,False,,False,,False,,,,False,False,,False,,,,True,no GBIF or SEAD match at any rank; marked uncertain ('?') in the manual mapping
hirs,2,species (common name),hirs,Panicum miliaceum,Plantae,2705090.0,Panicum miliaceum,SPECIES,EXACT,99.0,https://www.gbif.org/species/2705090,Brown Millet,hirs,,carried-over (species_split_taxa_gbif_matches.csv),Panicum,Poaceae,Poales,Plantae,Panicum miliaceum,,False,,False,Panicum,False,miliaceum,Panicum miliaceum,4013,False,True,3088,False,hirs,2,,False,
jurpa,2,,,,,,,,,,,,jurpa,,,,,,,,,False,,False,,False,,,,False,False,,False,,,,True,no GBIF or SEAD match at any rank
idisslare,2,gbif only (no prior SEAD anchor),,,Animalia,159939909,Ruminantia,SUBORDER,VERNACULAR,,,,idisslare,,species/search (vernacular),,,Artiodactyla,Animalia,,Artiodactyla,True,Artiodactyla indet,True,Artiodactyla indet indet,True,indet.,Artiodactyla indet indet indet.,47035,True,False,4322,True,idisslare,2,new order 'Artiodactyla'; new family 'Artiodactyla indet'; new genus 'Artiodactyla indet indet'; new taxon 'Artiodactyla indet indet indet.'; new Swedish common name 'idisslare',True,weak GBIF match (VERNACULAR)
grönlandssäl,2,animal (common name),grönlandssäl,Pagophilus groenlandicus,Animalia,2434801.0,Pagophilus groenlandicus,SPECIES,EXACT,100.0,https://www.gbif.org/species/2434801,Foca Pia,grönlandssäl,,carried-over (species_split_taxa_gbif_matches.csv),Pagophilus,Phocidae,Carnivora,Animalia,Pagophilus groenlandicus,Carnivora,True,Phocidae,True,Pagophilus,True,groenlandicus,Pagophilus groenlandicus,47036,True,False,4323,True,grönlandssäl,2,new order 'Carnivora'; new family 'Phocidae'; new genus 'Pagophilus'; new taxon 'Pagophilus groenlandicus'; new Swedish common name 'grönlandssäl',False,
fläder,2,species (common name),fläder,Sambucus nigra,Plantae,2888728.0,Sambucus nigra,SPECIES,EXACT,99.0,https://www.gbif.org/species/2888728,Black Elder,fläder,,carried-over (species_split_taxa_gbif_matches.csv),Sambucus,Viburnaceae,Dipsacales,Plantae,Sambucus nigra,,False,,False,Sambucus,False,nigra,Sambucus nigra,19,False,True,18,False,fläder,2,,False,
makrofossil?,2,,,,,,,,,,,,makrofossil,,,,,,,,,False,,False,,False,,,,False,False,,False,,,,True,no GBIF or SEAD match at any rank; marked uncertain ('?') in the manual mapping
kråkbär,2,species (common name),kråkbär,Empetrum nigrum ssp nigrum,Plantae,6387990.0,Empetrum nigrum nigrum,SUBSPECIES,EXACT,100.0,https://www.gbif.org/species/6387990,Crowberry,kråkbär,,carried-over (species_split_taxa_gbif_matches.csv),Empetrum,Ericaceae,Ericales,Plantae,Empetrum nigrum ssp nigrum,,False,,False,Empetrum,False,nigrum ssp nigrum,Empetrum nigrum ssp nigrum,2256,False,True,1740,False,kråkbär,2,,False,
kornell,2,genus (suffix-inferred),,,Plantae,3082226.0,Cornus,GENUS,EXACT,96.0,https://www.gbif.org/species/3082226,Dogwood,kornell,,carried-over (species_split_taxa_gbif_matches.csv),Cornus,Cornaceae,Cornales,Plantae,Cornus,Cornales,False,Cornaceae,False,Cornus,False,indet.,Cornus indet.,47037,True,False,4324,True,kornell,2,new taxon 'Cornus indet.'; new Swedish common name 'kornell',False,
katt,2,animal (common name),katt,Felis catus,Animalia,2435035.0,Felis catus,SPECIES,EXACT,100.0,https://www.gbif.org/species/2435035,Alley Cat,katt,,carried-over (species_split_taxa_gbif_matches.csv),Felis,Felidae,Carnivora,Animalia,Felis catus,Carnivora,True,Felidae,True,Felis,True,catus,Felis catus,47038,True,False,4325,True,katt,2,new order 'Carnivora'; new family 'Felidae'; new genus 'Felis'; new taxon 'Felis catus'; new Swedish common name 'katt',False,
pärlhavre,2,species (common name),pärlhavre,Arrhenatherum elatius ssp bulbosus,Plantae,7987633.0,Arrhenatherum elatius bulbosum,SUBSPECIES,FUZZY,96.0,https://www.gbif.org/species/7987633,Tall Oatgrass,pärlhavre,,carried-over (species_split_taxa_gbif_matches.csv),Arrhenatherum,Poaceae,Poales,Plantae,Arrhenatherum elatius ssp bulbosus,,False,,False,Arrhenatherum,False,elatius ssp bulbosus,Arrhenatherum elatius ssp bulbosus,3736,False,True,2876,False,pärlhavre,2,,True,weak GBIF match (FUZZY)
nate,2,"genus (suffix, ambiguous)",,,,,,,,,,,nate,"Groenlandia, Potamogeton",,,,,,,,False,,False,,False,,,,False,False,,False,,,,True,"no GBIF or SEAD match at any rank; ambiguous genus suffix match, candidates: Groenlandia, Potamogeton"
sorbus sp,2,genus (latin),,,Plantae,3012146.0,Sorbus,GENUS,EXACT,96.0,https://www.gbif.org/species/3012146,Mountain Ashes,sorbus sp,,carried-over (species_split_taxa_gbif_matches.csv),Sorbus,Rosaceae,Rosales,Plantae,Sorbus,Rosales,False,Rosaceae,False,Sorbus,False,indet.,Sorbus indet.,47031,True,False,4316,True,Mountain Ashes,1,new taxon 'Sorbus indet.'; new English common name 'Mountain Ashes',False,
snärjmåra,2,species (common name),snärjmåra,Galium aparine var aparine,Plantae,7474788.0,Galium aparine aparine,VARIETY,EXACT,100.0,https://www.gbif.org/species/7474788,,snärjmåra,,carried-over (species_split_taxa_gbif_matches.csv),Galium,Rubiaceae,Gentianales,Plantae,Galium aparine var aparine,,False,,False,Galium,False,aparine var aparine,Galium aparine var aparine,4986,False,True,3816,False,snärjmåra,2,,False,
try,2,"genus (suffix, ambiguous)",,,,,,,,,,,try,"Lonicera, Weigela",,,,,,,,False,,False,,False,,,,False,False,,False,,,,True,"no GBIF or SEAD match at any rank; ambiguous genus suffix match, candidates: Lonicera, Weigela"
kalkbruk?,2,,,,,,,,,,,,kalkbruk,,,,,,,,,False,,False,,False,,,,False,False,,False,,,,True,no GBIF or SEAD match at any rank; marked uncertain ('?') in the manual mapping
råglosta,2,species (common name),råglosta,Bromus secalinus,Plantae,2703717.0,Bromus secalinus,SPECIES,EXACT,99.0,https://www.gbif.org/species/2703717,Cheat,råglosta,,carried-over (species_split_taxa_gbif_matches.csv),Bromus,Poaceae,Poales,Plantae,Bromus secalinus,,False,,False,Bromus,False,secalinus,Bromus secalinus,3782,False,True,2915,False,råglosta,2,,False,
cf maloideae,2,,,,,,,,,,,,cf maloideae,,,,,,,,,False,,False,,False,,,,False,False,,False,,,,True,no GBIF or SEAD match at any rank
bränt ben?,2,,,,,,,,,,,,bränt ben,,,,,,,,,False,,False,,False,,,,False,False,,False,,,,True,no GBIF or SEAD match at any rank; marked uncertain ('?') in the manual mapping
cf hordeum sp,2,genus (latin),,,Plantae,2706050.0,Hordeum,GENUS,EXACT,96.0,https://www.gbif.org/species/2706050,Barley,cf hordeum sp,,carried-over (species_split_taxa_gbif_matches.csv),Hordeum,Poaceae,Poales,Plantae,Hordeum,Poales,False,Poaceae,False,Hordeum,False,sp.,Hordeum sp.,18012,False,False,4287,True,Barley,1,new English common name 'Barley',False,
cf fraxinus sp,2,genus (latin),,,Plantae,3172323.0,Fraxinus,GENUS,EXACT,96.0,https://www.gbif.org/species/3172323,Ash,cf fraxinus sp,,carried-over (species_split_taxa_gbif_matches.csv),Fraxinus,Oleaceae,Lamiales,Plantae,Fraxinus,Lamiales,False,Oleaceae,False,Fraxinus,False,sp.,Fraxinus sp.,39508,False,False,4326,True,Ash,1,new English common name 'Ash',False,
betula,2,genus (latin),,,Plantae,2875008.0,Betula,GENUS,HIGHERRANK,95.0,https://www.gbif.org/species/2875008,Birch,betula,,carried-over (species_split_taxa_gbif_matches.csv),Betula,Betulaceae,Fagales,Plantae,Betula,Fagales,False,Betulaceae,False,Betula,False,sp.,Betula sp.,18086,False,False,4327,True,Birch,1,new English common name 'Birch',False,
brunskära,2,species (common name),brunskära,Bidens tripartita,Plantae,5391862.0,Bidens tripartita,SPECIES,EXACT,99.0,https://www.gbif.org/species/5391862,Erect-bur-marigold,brunskära,,carried-over (species_split_taxa_gbif_matches.csv),Bidens,Asteraceae,Asterales,Plantae,Bidens tripartita,,False,,False,Bidens,False,tripartita,Bidens tripartita,432,False,True,365,False,brunskära,2,,False,
delfin,2,animal (family),delfin,,Animalia,5314.0,Delphinidae,FAMILY,EXACT,96.0,https://www.gbif.org/species/5314,Dolphin,delfin,,carried-over (species_split_taxa_gbif_matches.csv),,Delphinidae,Cetacea,Animalia,Delphinidae,Cetacea,True,Delphinidae,True,Delphinidae indet,True,indet.,Delphinidae indet indet.,47039,True,False,4328,True,delfin,2,new order 'Cetacea'; new family 'Delphinidae'; new genus 'Delphinidae indet'; new taxon 'Delphinidae indet indet.'; new Swedish common name 'delfin',False,
aborrskinn,1,animal (common name),aborrskinn,Perca fluviatilis,Animalia,8140485.0,Perca fluviatilis,SPECIES,EXACT,100.0,https://www.gbif.org/species/8140485,Eurasian perch,aborrskinn,,carried-over (species_split_taxa_gbif_matches.csv),Perca,Percidae,Perciformes,Animalia,Perca fluviatilis,Perciformes,True,Percidae,True,Perca,True,fluviatilis,Perca fluviatilis,47040,True,False,4329,True,aborrskinn,2,new order 'Perciformes'; new family 'Percidae'; new genus 'Perca'; new taxon 'Perca fluviatilis'; new Swedish common name 'aborrskinn',False,
bergssyra,1,gbif only (no prior SEAD anchor),,,Plantae,160025141,Rumex acetosella,SPECIES,VERNACULAR,,,,bergssyra,,species/search (vernacular),Rumex,Polygonaceae,Caryophyllales,Plantae,,Caryophyllales,False,Polygonaceae,False,Rumex,False,sp.,Rumex sp.,39600,False,False,4330,True,bergssyra,2,new Swedish common name 'bergssyra',True,weak GBIF match (VERNACULAR)
baljfragment,1,,,,,,,,,,,,baljfragment,,,,,,,,,False,,False,,False,,,,False,False,,False,,,,True,no GBIF or SEAD match at any rank
avenbok,1,species (common name),avenbok,Carpinus betulus,Plantae,2875818.0,Carpinus betulus,SPECIES,EXACT,99.0,https://www.gbif.org/species/2875818,Caucasian Hornbeam,avenbok,,carried-over (species_split_taxa_gbif_matches.csv),Carpinus,Betulaceae,Fagales,Plantae,Carpinus betulus,,False,,False,Carpinus,False,betulus,Carpinus betulus,1824,False,True,1457,False,avenbok,2,,False,
agn?,1,,,,,,,,,,,,agn,,,,,,,,,False,,False,,False,,,,False,False,,False,,,,True,no GBIF or SEAD match at any rank; marked uncertain ('?') in the manual mapping
bjrök,1,,,,,,,,,,,,bjrök,,,,,,,,,False,,False,,False,,,,False,False,,False,,,,True,no GBIF or SEAD match at any rank
Carex tribuloides,1,,,,,,,,,,,,starr nöt,,,,,,,,,False,,False,,False,,,,False,False,,False,,,,True,no GBIF or SEAD match at any rank
fårlort,1,,,,,,,,,,,,fårlort,,,,,,,,,False,,False,,False,,,,False,False,,False,,,,True,no GBIF or SEAD match at any rank
gnagare,1,animal (order),gnagare,,Animalia,1459.0,Rodentia,ORDER,EXACT,96.0,https://www.gbif.org/species/1459,Rodent,gnagare,,carried-over (species_split_taxa_gbif_matches.csv),,,Rodentia,Animalia,Rodentia,Rodentia,True,Rodentia indet,True,Rodentia indet indet,True,indet.,Rodentia indet indet indet.,47041,True,False,4331,True,gnagare,2,new order 'Rodentia'; new family 'Rodentia indet'; new genus 'Rodentia indet indet'; new taxon 'Rodentia indet indet indet.'; new Swedish common name 'gnagare',False,
dån,1,"genus (suffix, ambiguous)",,,Plantae,160016506,Galeopsis,GENUS,VERNACULAR,,,,dån,"Galeopsis, Leucas",species/search (vernacular),Galeopsis,Lamiaceae,Lamiales,Plantae,,Lamiales,False,Lamiaceae,False,Galeopsis,False,sp.,Galeopsis sp.,39585,False,False,4332,True,dån,2,new Swedish common name 'dån',True,"ambiguous genus suffix match, candidates: Galeopsis, Leucas; weak GBIF match (VERNACULAR)"
dinkel,1,gbif only (no prior SEAD anchor),,,Plantae,159501969,Triticum spelta,SPECIES,VERNACULAR,,,,dinkel,,species/search (vernacular),Triticum,Poaceae,Poales,Plantae,,Poales,False,Poaceae,False,Triticum,False,spp.,Triticum spp.,18240,False,False,4333,True,dinkel,2,new Swedish common name 'dinkel',True,weak GBIF match (VERNACULAR)
cf vaccinium sp,1,genus (latin),,,Plantae,2882813.0,Vaccinium,GENUS,EXACT,96.0,https://www.gbif.org/species/2882813,Bilberries,cf vaccinium sp,,carried-over (species_split_taxa_gbif_matches.csv),Vaccinium,Ericaceae,Ericales,Plantae,Vaccinium,Ericales,False,Ericaceae,False,Vaccinium,False,indet.,Vaccinium indet.,47026,True,False,4302,True,Bilberries,1,new taxon 'Vaccinium indet.'; new English common name 'Bilberries',False,
cyperaceae,1,genus (latin),,,Plantae,7708.0,Cyperaceae,FAMILY,EXACT,96.0,https://www.gbif.org/species/7708,Sedge,cyperaceae,,carried-over (species_split_taxa_gbif_matches.csv),,Cyperaceae,Poales,Plantae,Cyperaceae,Poales,False,Cyperaceae,False,Cyperaceae,False,indet.,Cyperaceae indet.,18169,False,False,4334,True,Sedge,1,new English common name 'Sedge',False,
cf populus sp,1,genus (latin),,,Plantae,3040183.0,Populus,GENUS,EXACT,96.0,https://www.gbif.org/species/3040183,"Aspen, Cottonwood, Poplar",cf populus sp,,carried-over (species_split_taxa_gbif_matches.csv),Populus,Salicaceae,Malpighiales,Plantae,Populus,Salicales,False,Salicaceae,False,Populus,False,sp.,Populus sp.,39607,False,False,4292,True,"Aspen, Cottonwood, Poplar",1,"new English common name 'Aspen, Cottonwood, Poplar'",False,
bivax,1,,,,,,,,,,,,bivax,,,,,,,,,False,,False,,False,,,,False,False,,False,,,,True,no GBIF or SEAD match at any rank
bitterpilört,1,species (common name),bitterpilört,Persicaria hydropiper,Plantae,8323622.0,Persicaria hydropiper,SPECIES,EXACT,99.0,https://www.gbif.org/species/8323622,Marshpepper Knotweed,bitterpilört,,carried-over (species_split_taxa_gbif_matches.csv),Persicaria,Polygonaceae,Caryophyllales,Plantae,Persicaria hydropiper,,False,,False,Persicaria,False,hydropiper,Persicaria hydropiper,4208,False,True,3238,False,bitterpilört,2,,False,
blandmaterial?,1,,,,,,,,,,,,blandmaterial,,,,,,,,,False,,False,,False,,,,False,False,,False,,,,True,no GBIF or SEAD match at any rank; marked uncertain ('?') in the manual mapping
brännässla,1,species (common name),brännässla,Urtica dioica ssp dioica var dioica,Plantae,7300700.0,Urtica dioica dioica,VARIETY,EXACT,100.0,https://www.gbif.org/species/7300700,,brännässla,,carried-over (species_split_taxa_gbif_matches.csv),Urtica,Urticaceae,Rosales,Plantae,Urtica dioica ssp dioica var dioica,,False,,False,Urtica,False,dioica ssp dioica var dioica,Urtica dioica ssp dioica var dioica,5540,False,True,4195,False,brännässla,2,,False,
cerealia?,1,genus (latin),,,Plantae,6,Plantae,KINGDOM,HIGHERRANK,99,,Plants,sädeskorn,,species/match,,,,Plantae,Cerealia,Cerealia,False,Cerealia,False,Cerealia,False,indet.,Cerealia indet.,17995,False,False,4276,True,Plants,1,new English common name 'Plants',True,marked uncertain ('?') in the manual mapping
cf avena sp,1,genus (latin),,,Plantae,2705282.0,Avena,GENUS,HIGHERRANK,95.0,https://www.gbif.org/species/2705282,Oat,cf avena sp,,carried-over (species_split_taxa_gbif_matches.csv),Avena,Poaceae,Poales,Plantae,Avena,Poales,False,Poaceae,False,Avena,False,sp.,Avena sp.,18032,False,False,4335,True,Oat,1,new English common name 'Oat',False,
cf betula sp,1,genus (latin),,,Plantae,2875008.0,Betula,GENUS,HIGHERRANK,95.0,https://www.gbif.org/species/2875008,Birch,cf betula sp,,carried-over (species_split_taxa_gbif_matches.csv),Betula,Betulaceae,Fagales,Plantae,Betula,Fagales,False,Betulaceae,False,Betula,False,sp.,Betula sp.,18086,False,False,4327,True,Birch,1,new English common name 'Birch',False,
cf corylus avellana,1,,,,,,,,,,,,cf corylus avellana,,,,,,,,,False,,False,,False,,,,False,False,,False,,,,True,no GBIF or SEAD match at any rank
cf cerealia,1,genus (latin),,,Plantae,6.0,Plantae,KINGDOM,HIGHERRANK,99.0,https://www.gbif.org/species/6,Plants,cf cerealia,,carried-over (species_split_taxa_gbif_matches.csv),,,,Plantae,Cerealia,Cerealia,False,Cerealia,False,Cerealia,False,indet.,Cerealia indet.,17995,False,False,4276,True,Plants,1,new English common name 'Plants',False,
cf hordeum vulgare,1,,,,,,,,,,,,cf hordeum vulgare,,,,,,,,,False,,False,,False,,,,False,False,,False,,,,True,no GBIF or SEAD match at any rank
cf maloideae sp,1,,,,,,,,,,,,cf maloideae sp,,,,,,,,,False,,False,,False,,,,False,False,,False,,,,True,no GBIF or SEAD match at any rank
jlvträd?,1,,,,,,,,,,,,jlvträd,,,,,,,,,False,,False,,False,,,,False,False,,False,,,,True,no GBIF or SEAD match at any rank; marked uncertain ('?') in the manual mapping
iris,1,genus (latin),,,Plantae,2748017.0,Iris,GENUS,EXACT,96.0,https://www.gbif.org/species/2748017,Iris,iris,,carried-over (species_split_taxa_gbif_matches.csv),Iris,Iridaceae,Asparagales,Plantae,Iris,Asparagales,False,Iridaceae,False,Iris,False,indet.,Iris indet.,47042,True,False,4336,True,Iris,1,new taxon 'Iris indet.'; new English common name 'Iris',False,
häst eller nötkreatur,1,,,,,,,,,,,,häst eller nötkreatur,,,,,,,,,False,,False,,False,,,,False,False,,False,,,,True,no GBIF or SEAD match at any rank
horn?,1,,,,,,,,,,,,horn,,,,,,,,,False,,False,,False,,,,False,False,,False,,,,True,no GBIF or SEAD match at any rank; marked uncertain ('?') in the manual mapping
humle,1,species (common name),humle,Humulus lupulus,Plantae,2984535.0,Humulus lupulus,SPECIES,EXACT,99.0,https://www.gbif.org/species/2984535,Bine,humle,,carried-over (species_split_taxa_gbif_matches.csv),Humulus,Cannabaceae,Rosales,Plantae,Humulus lupulus,,False,,False,Humulus,False,lupulus,Humulus lupulus,1389,False,True,1120,False,humle,2,,False,
hägg,1,species (common name),hägg,Prunus padus ssp padus,Plantae,8006007.0,Prunus padus padus,SUBSPECIES,EXACT,100.0,https://www.gbif.org/species/8006007,,hägg,,carried-over (species_split_taxa_gbif_matches.csv),Prunus,Rosaceae,Rosales,Plantae,Prunus padus ssp padus,,False,,False,Prunus,False,padus ssp padus,Prunus padus ssp padus,4761,False,True,3634,False,hägg,2,,False,
höna,1,animal (common name),höna,Gallus gallus domesticus,Animalia,9457155.0,Gallus gallus domesticus,FORM,EXACT,99.0,https://www.gbif.org/species/9457155,Domestic Chicken,höna,,carried-over (species_split_taxa_gbif_matches.csv),Gallus,Phasianidae,Galliformes,Animalia,Gallus gallus domesticus,Galliformes,True,Phasianidae,True,Gallus,True,gallus domesticus,Gallus gallus domesticus,47043,True,False,4337,True,höna,2,new order 'Galliformes'; new family 'Phasianidae'; new genus 'Gallus'; new taxon 'Gallus gallus domesticus'; new Swedish common name 'höna',False,
hjortron,1,species (common name),hjortron,Rubus chamaemorus,Plantae,2998290.0,Rubus chamaemorus,SPECIES,EXACT,99.0,https://www.gbif.org/species/2998290,Bake-apple,hjortron,,carried-over (species_split_taxa_gbif_matches.csv),Rubus,Rosaceae,Rosales,Plantae,Rubus chamaemorus,,False,,False,Rubus,False,chamaemorus,Rubus chamaemorus,4847,False,True,3692,False,hjortron,2,,False,
hampa,1,species (common name),hampa,Cannabis sativa,Plantae,5361880.0,Cannabis sativa,SPECIES,EXACT,100.0,https://www.gbif.org/species/5361880,Grass,hampa,,carried-over (species_split_taxa_gbif_matches.csv),Cannabis,Cannabaceae,Rosales,Plantae,Cannabis sativa,,False,,False,Cannabis,False,sativa,Cannabis sativa,1387,False,True,1118,False,hampa,2,,False,
gåsört,1,species (common name),gåsört,Argentina anserina ssp anserina,Plantae,7272211.0,Argentina anserina anserina,SUBSPECIES,EXACT,100.0,https://www.gbif.org/species/7272211,Silverweed Cinquefoil,gåsört,,carried-over (species_split_taxa_gbif_matches.csv),Argentina,Rosaceae,Rosales,Plantae,Argentina anserina ssp anserina,,False,,False,Argentina,False,anserina ssp anserina,Argentina anserina ssp anserina,4611,False,True,3523,False,gåsört,2,,False,
dicoccum,1,,,,,,,,,,,,dicoccum,,,,,,,,,False,,False,,False,,,,False,False,,False,,,,True,no GBIF or SEAD match at any rank
ev. harts (trä),1,,,,,,,,,,,,ev. harts,,,,,,,,,False,,False,,False,,,,False,False,,False,,,,True,no GBIF or SEAD match at any rank
fågelbär,1,gbif only (no prior SEAD anchor),,,Plantae,160021192,Prunus avium,SPECIES,VERNACULAR,,,Gean Cherry,fågelbär,,species/search (vernacular),Prunus,Rosaceae,Rosales,Plantae,,Rosales,False,Rosaceae,False,Prunus,False,indet.,Prunus indet.,47021,True,False,4338,True,fågelbär,2,new taxon 'Prunus indet.'; new Swedish common name 'fågelbär',True,weak GBIF match (VERNACULAR)
furu,1,,,,,,,,,,,,furu,,,,,,,,,False,,False,,False,,,,False,False,,False,,,,True,no GBIF or SEAD match at any rank
ramslök,1,species (common name),ramslök,Allium ursinum,Plantae,2857601.0,Allium ursinum,SPECIES,EXACT,100.0,https://www.gbif.org/species/2857601,,ramslök,,carried-over (species_split_taxa_gbif_matches.csv),Allium,Amaryllidaceae,Asparagales,Plantae,Allium ursinum,,False,,False,Allium,False,ursinum,Allium ursinum,77,False,True,68,False,ramslök,2,,False,
revormstörel,1,species (common name),revormstörel,Euphorbia helioscopia,Plantae,3066367.0,Euphorbia helioscopia,SPECIES,EXACT,99.0,https://www.gbif.org/species/3066367,Madwoman's Milk,revormstörel,,carried-over (species_split_taxa_gbif_matches.csv),Euphorbia,Euphorbiaceae,Malpighiales,Plantae,Euphorbia helioscopia,,False,,False,Euphorbia,False,helioscopia,Euphorbia helioscopia,2304,False,True,1778,False,revormstörel,2,,False,
lid,1,,,,,,,,,,,,lid,,,,,,,,,False,,False,,False,,,,False,False,,False,,,,True,no GBIF or SEAD match at any rank
kornhalm,1,,,,,,,,,,,,kornhalm,,,,,,,,,False,,False,,False,,,,False,False,,False,,,,True,no GBIF or SEAD match at any rank
lager?,1,,,,,,,,,,,,lager,,,,,,,,,False,,False,,False,,,,False,False,,False,,,,True,no GBIF or SEAD match at any rank; marked uncertain ('?') in the manual mapping
kärrsköldpadda,1,animal (common name),kärrsköldpadda,Emys orbicularis,Animalia,8909809.0,Emys orbicularis,SPECIES,EXACT,100.0,https://www.gbif.org/species/8909809,European Pond Terrapin,kärrsköldpadda,,carried-over (species_split_taxa_gbif_matches.csv),Emys,Emydidae,,Animalia,Emys orbicularis,,False,Emydidae,True,Emys,True,orbicularis,Emys orbicularis,47044,True,False,4339,True,kärrsköldpadda,2,new family 'Emydidae'; new genus 'Emys'; new taxon 'Emys orbicularis'; new Swedish common name 'kärrsköldpadda',False,
korgblommiga växter,1,gbif only (no prior SEAD anchor),,,Plantae,294984422,Asteraceae,FAMILY,VERNACULAR,,,Composite,korgblommiga växter,,species/search (vernacular),,Asteraceae,Asterales,Plantae,,Asterales,False,Asteraceae,False,Asteraceae indet,True,indet.,Asteraceae indet indet.,47045,True,False,4340,True,korgblommiga växter,2,new genus 'Asteraceae indet'; new taxon 'Asteraceae indet indet.'; new Swedish common name 'korgblommiga växter',True,weak GBIF match (VERNACULAR)
nypon,1,,,,,,,,,,,,nypon,,,,,,,,,False,,False,,False,,,,False,False,,False,,,,True,no GBIF or SEAD match at any rank
palsternacka,1,species (common name),palsternacka,Pastinaca sativa var sativa,Plantae,7508930.0,Pastinaca sativa sativa,VARIETY,EXACT,100.0,https://www.gbif.org/species/7508930,Wild Parsnip,palsternacka,,carried-over (species_split_taxa_gbif_matches.csv),Pastinaca,Apiaceae,Apiales,Plantae,Pastinaca sativa var sativa,,False,,False,Pastinaca,False,sativa var sativa,Pastinaca sativa var sativa,220,False,True,194,False,palsternacka,2,,False,
poaceae indet,1,genus (latin),,,Plantae,3073.0,Poaceae,FAMILY,EXACT,96.0,https://www.gbif.org/species/3073,Cereal,poaceae indet,,carried-over (species_split_taxa_gbif_matches.csv),,Poaceae,Poales,Plantae,Poaceae,Poales,False,Poaceae,False,Poaceae,False,indet.,Poaceae indet.,18009,False,False,4341,True,Cereal,1,new English common name 'Cereal',False,
ogräs,1,,,,,,,,,,,,ogräs,,,,,,,,,False,,False,,False,,,,False,False,,False,,,,True,no GBIF or SEAD match at any rank
lamm,1,animal (common name),lamm,Ovis aries,Animalia,2441110.0,Ovis aries,SPECIES,EXACT,99.0,https://www.gbif.org/species/2441110,Domestic Sheep,lamm,,carried-over (species_split_taxa_gbif_matches.csv),Ovis,Bovidae,Artiodactyla,Animalia,Ovis aries,Artiodactyla,True,Bovidae,True,Ovis,True,aries,Ovis aries,47016,True,False,4342,True,lamm,2,new order 'Artiodactyla'; new family 'Bovidae'; new genus 'Ovis'; new taxon 'Ovis aries'; new Swedish common name 'lamm',False,
löbträd?,1,,,,,,,,,,,,löbträd,,,,,,,,,False,,False,,False,,,,False,False,,False,,,,True,no GBIF or SEAD match at any rank; marked uncertain ('?') in the manual mapping
markvegetation?,1,,,,,,,,,,,,bränd markvegetation,,,,,,,,,False,,False,,False,,,,False,False,,False,,,,True,no GBIF or SEAD match at any rank; marked uncertain ('?') in the manual mapping
matrester?,1,,,,,,,,,,,,brända matrester,,,,,,,,,False,,False,,False,,,,False,False,,False,,,,True,no GBIF or SEAD match at any rank; marked uncertain ('?') in the manual mapping
mossa,1,,,,,,,,,,,,mossa,,,,,,,,,False,,False,,False,,,,False,False,,False,,,,True,no GBIF or SEAD match at any rank
murgröna,1,species (common name),murgröna,Hedera helix,Plantae,8351737.0,Hedera helix,SPECIES,EXACT,99.0,https://www.gbif.org/species/8351737,Common Ivy,murgröna,,carried-over (species_split_taxa_gbif_matches.csv),Hedera,Araliaceae,Apiales,Plantae,Hedera helix,,False,,False,Hedera,False,helix,Hedera helix,276,False,True,243,False,murgröna,2,,False,
mört,1,animal (common name),mört,Rutilus rutilus,Animalia,2359706.0,Rutilus rutilus,SPECIES,EXACT,100.0,https://www.gbif.org/species/2359706,Common Roach,mört,,carried-over (species_split_taxa_gbif_matches.csv),Rutilus,Cyprinidae,Cypriniformes,Animalia,Rutilus rutilus,Cypriniformes,True,Cyprinidae,True,Rutilus,True,rutilus,Rutilus rutilus,47046,True,False,4343,True,mört,2,new order 'Cypriniformes'; new family 'Cyprinidae'; new genus 'Rutilus'; new taxon 'Rutilus rutilus'; new Swedish common name 'mört',False,
räv,1,animal (common name),räv,Vulpes vulpes,Animalia,5219243.0,Vulpes vulpes,SPECIES,EXACT,100.0,https://www.gbif.org/species/5219243,American Cross Fox,räv,,carried-over (species_split_taxa_gbif_matches.csv),Vulpes,Canidae,Carnivora,Animalia,Vulpes vulpes,Carnivora,True,Canidae,True,Vulpes,True,vulpes,Vulpes vulpes,47047,True,False,4344,True,räv,2,new order 'Carnivora'; new family 'Canidae'; new genus 'Vulpes'; new taxon 'Vulpes vulpes'; new Swedish common name 'räv',False,
rosväxt,1,,,,,,,,,,,,rosväxt,,,,,,,,,False,,False,,False,,,,False,False,,False,,,,True,no GBIF or SEAD match at any rank
rosoideae,1,,,,,,,,,,,,rosoideae,,,,,,,,,False,,False,,False,,,,False,False,,False,,,,True,no GBIF or SEAD match at any rank
syska,1,"genus (suffix, ambiguous)",,,,,,,,,,,syska,"Ballota, Moluccella, Stachys",,,,,,,,False,,False,,False,,,,False,False,,False,,,,True,"no GBIF or SEAD match at any rank; ambiguous genus suffix match, candidates: Ballota, Moluccella, Stachys"
stenbär,1,species (common name),stenbär,Rubus saxatilis,Plantae,2992808.0,Rubus saxatilis,SPECIES,EXACT,99.0,https://www.gbif.org/species/2992808,Greenland thornless blackberry,stenbär,,carried-over (species_split_taxa_gbif_matches.csv),Rubus,Rosaceae,Rosales,Plantae,Rubus saxatilis,,False,,False,Rubus,False,saxatilis,Rubus saxatilis,4901,False,True,3741,False,stenbär,2,,False,
stamknöl,1,,,,,,,,,,,,stamknöl,,,,,,,,,False,,False,,False,,,,False,False,,False,,,,True,no GBIF or SEAD match at any rank
staeefrukter?,1,,,,,,,,,,,,staeefrukter,,,,,,,,,False,,False,,False,,,,False,False,,False,,,,True,no GBIF or SEAD match at any rank; marked uncertain ('?') in the manual mapping
stål?,1,,,,,,,,,,,,stål,,,,,,,,,False,,False,,False,,,,False,False,,False,,,,True,no GBIF or SEAD match at any rank; marked uncertain ('?') in the manual mapping
småsnärja,1,gbif only (no prior SEAD anchor),,,Chromista,160001692,Scytosiphon lomentaria,SPECIES,VERNACULAR,,,,småsnärja,,species/search (vernacular),Scytosiphon,Scytosiphonaceae,Ectocarpales,Chromista,,Ectocarpales,True,Scytosiphonaceae,True,Scytosiphon,True,indet.,Scytosiphon indet.,47048,True,False,4345,True,småsnärja,2,new order 'Ectocarpales'; new family 'Scytosiphonaceae'; new genus 'Scytosiphon'; new taxon 'Scytosiphon indet.'; new Swedish common name 'småsnärja',True,weak GBIF match (VERNACULAR)
skräppa,1,genus (suffix-inferred),,,Plantae,2888942.0,Rumex,GENUS,EXACT,96.0,https://www.gbif.org/species/2888942,Dock,skräppa,,carried-over (species_split_taxa_gbif_matches.csv),Rumex,Polygonaceae,Caryophyllales,Plantae,Rumex,Caryophyllales,False,Polygonaceae,False,Rumex,False,sp.,Rumex sp.,39600,False,False,4346,True,skräppa,2,new Swedish common name 'skräppa',False,
skogsolvon,1,gbif only (no prior SEAD anchor),,,Plantae,160014689,Viburnum opulus,SPECIES,VERNACULAR,,,,skogsolvon,,species/search (vernacular),Viburnum,Viburnaceae,Dipsacales,Plantae,,Dipsacales,False,Viburnaceae,True,Viburnum,False,indet.,Viburnum indet.,47049,True,False,4347,True,skogsolvon,2,new family 'Viburnaceae'; new taxon 'Viburnum indet.'; new Swedish common name 'skogsolvon',True,weak GBIF match (VERNACULAR)
skogskornell,1,species (common name),skogskornell,Cornus sanguinea,Plantae,3082234.0,Cornus sanguinea,SPECIES,EXACT,99.0,https://www.gbif.org/species/3082234,Bloodtwig dogwood,skogskornell,,carried-over (species_split_taxa_gbif_matches.csv),Cornus,Cornaceae,Cornales,Plantae,Cornus sanguinea,,False,,False,Cornus,False,sanguinea,Cornus sanguinea,1822,False,True,1455,False,skogskornell,2,,False,
sik,1,animal (common name),sik,Coregonus lavaretus,Animalia,2351211.0,Coregonus lavaretus,SPECIES,EXACT,100.0,https://www.gbif.org/species/2351211,Bourget Whitefish,sik,,carried-over (species_split_taxa_gbif_matches.csv),Coregonus,Salmonidae,Salmoniformes,Animalia,Coregonus lavaretus,Salmoniformes,True,Salmonidae,True,Coregonus,True,lavaretus,Coregonus lavaretus,47050,True,False,4348,True,sik,2,new order 'Salmoniformes'; new family 'Salmonidae'; new genus 'Coregonus'; new taxon 'Coregonus lavaretus'; new Swedish common name 'sik',False,
smörblomma,1,species (common name),smörblomma,Ranunculus acris ssp acris,Plantae,7277719.0,Ranunculus acris acris,SUBSPECIES,EXACT,100.0,https://www.gbif.org/species/7277719,tall buttercup,smörblomma,,carried-over (species_split_taxa_gbif_matches.csv),Ranunculus,Ranunculaceae,Ranunculales,Plantae,Ranunculus acris ssp acris,,False,,False,Ranunculus,False,acris ssp acris,Ranunculus acris ssp acris,4481,False,True,3413,False,smörblomma,2,,False,
spelt,1,gbif only (no prior SEAD anchor),,,Viridiplantae,103045063,Triticum spelta,SPECIES,VERNACULAR,,,,spelt- emmervete,,species/search (vernacular),Triticum,Poaceae,Poales,Viridiplantae,,Poales,False,Poaceae,False,Triticum,False,spp.,Triticum spp.,18240,False,False,4349,True,spelt,2,new Swedish common name 'spelt',True,weak GBIF match (VERNACULAR)
spelvete,1,,,,,,,,,,,,spelvete,,,,,,,,,False,,False,,False,,,,False,False,,False,,,,True,no GBIF or SEAD match at any rank
ticka,1,genus (suffix-inferred),,,Plantae,5371771.0,Levisticum,GENUS,EXACT,96.0,https://www.gbif.org/species/5371771,Lovage,ticka,,carried-over (species_split_taxa_gbif_matches.csv),Levisticum,Apiaceae,Apiales,Plantae,Levisticum,Apiales,False,Apiaceae,False,Levisticum,False,indet.,Levisticum indet.,47051,True,False,4350,True,ticka,2,new taxon 'Levisticum indet.'; new Swedish common name 'ticka',False,
tibast,1,species (common name),tibast,Daphne mezereum,Plantae,5420852.0,Daphne mezereum,SPECIES,EXACT,99.0,https://www.gbif.org/species/5420852,February Daphne,tibast,,carried-over (species_split_taxa_gbif_matches.csv),Daphne,Thymelaeaceae,Malvales,Plantae,Daphne mezereum,,False,,False,Daphne,False,mezereum,Daphne mezereum,5489,False,True,4161,False,tibast,2,,False,
tuvull,1,species (common name),tuvull,Eriophorum vaginatum,Plantae,2730185.0,Eriophorum vaginatum,SPECIES,EXACT,99.0,https://www.gbif.org/species/2730185,Cottongrass,tuvull,,carried-over (species_split_taxa_gbif_matches.csv),Eriophorum,Cyperaceae,Poales,Plantae,Eriophorum vaginatum,,False,,False,Eriophorum,False,vaginatum,Eriophorum vaginatum,2165,False,True,1664,False,tuvull,2,,False,
vattenklöver,1,species (common name),vattenklöver,Menyanthes trifoliata,Plantae,5341511.0,Menyanthes trifoliata,SPECIES,EXACT,100.0,https://www.gbif.org/species/5341511,Bog-bean,vattenklöver,,carried-over (species_split_taxa_gbif_matches.csv),Menyanthes,Menyanthaceae,Asterales,Plantae,Menyanthes trifoliata,,False,,False,Menyanthes,False,trifoliata,Menyanthes trifoliata,3183,False,True,2514,False,vattenklöver,2,,False,
torsk,1,animal (common name),torsk,Gadus morhua,Animalia,8084280.0,Gadus morhua,SPECIES,EXACT,100.0,https://www.gbif.org/species/8084280,Atlantic Cod,torsk,,carried-over (species_split_taxa_gbif_matches.csv),Gadus,Gadidae,Gadiformes,Animalia,Gadus morhua,Gadiformes,True,Gadidae,True,Gadus,True,morhua,Gadus morhua,47052,True,False,4351,True,torsk,2,new order 'Gadiformes'; new family 'Gadidae'; new genus 'Gadus'; new taxon 'Gadus morhua'; new Swedish common name 'torsk',False,
triticum monococcum,1,,,,,,,,,,,,triticum monococcum,,,,,,,,,False,,False,,False,,,,False,False,,False,,,,True,no GBIF or SEAD match at any rank
triticum spelta,1,,,,,,,,,,,,triticum spelta,,,,,,,,,False,,False,,False,,,,False,False,,False,,,,True,no GBIF or SEAD match at any rank
triticum vulgare,1,,,,,,,,,,,,triticum vulgare,,,,,,,,,False,,False,,False,,,,False,False,,False,,,,True,no GBIF or SEAD match at any rank
vattenstäkra,1,species (common name),vattenstäkra,Oenanthe aquatica,Plantae,5371888.0,Oenanthe aquatica,SPECIES,EXACT,99.0,https://www.gbif.org/species/5371888,Fine-Leaved Water-Dropwort,vattenstäkra,,carried-over (species_split_taxa_gbif_matches.csv),Oenanthe,Apiaceae,Apiales,Plantae,Oenanthe aquatica,,False,,False,Oenanthe,False,aquatica,Oenanthe aquatica,214,False,True,189,False,vattenstäkra,2,,False,
vial,1,genus (suffix-inferred),,,Plantae,10356062.0,Lathyrus,GENUS,EXACT,96.0,https://www.gbif.org/species/10356062,Pea,vial,,carried-over (species_split_taxa_gbif_matches.csv),Lathyrus,Fabaceae,Fabales,Plantae,Lathyrus,Fabales,False,Fabaceae,False,Lathyrus,False,indet.,Lathyrus indet.,47053,True,False,4352,True,vial,2,new taxon 'Lathyrus indet.'; new Swedish common name 'vial',False,
vinväxter,1,gbif only (no prior SEAD anchor),,,Plantae,160006746,Vitaceae,FAMILY,VERNACULAR,,,,vindruvskärna,,species/search (vernacular),,Vitaceae,Vitales,Plantae,,Vitales,True,Vitaceae,False,Vitaceae indet,True,indet.,Vitaceae indet indet.,47054,True,False,4353,True,vinväxter,2,new order 'Vitales'; new genus 'Vitaceae indet'; new taxon 'Vitaceae indet indet.'; new Swedish common name 'vinväxter',True,weak GBIF match (VERNACULAR)
äppelkärna,1,,,,,,,,,,,,äppelkärna,,,,,,,,,False,,False,,False,,,,False,False,,False,,,,True,no GBIF or SEAD match at any rank
äpple,1,"genus (suffix, ambiguous)",,,,,,,,,,,äpple,"Punicea, Solanum",,,,,,,,False,,False,,False,,,,False,False,,False,,,,True,"no GBIF or SEAD match at any rank; ambiguous genus suffix match, candidates: Punicea, Solanum"
åkerbinda,1,species (common name),åkerbinda,Fallopia convolvulus,Plantae,6391461.0,Fallopia convolvulus,SPECIES,EXACT,100.0,https://www.gbif.org/species/6391461,Black Bindweed,åkerbinda,,carried-over (species_split_taxa_gbif_matches.csv),Fallopia,Polygonaceae,Caryophyllales,Plantae,Fallopia convolvulus,,False,,False,Fallopia,False,convolvulus,Fallopia convolvulus,4196,False,True,3227,False,åkerbinda,2,,False,
åkerkrassling,1,,,,,,,,,,,,åkerkrassling,,,,,,,,,False,,False,,False,,,,False,False,,False,,,,True,no GBIF or SEAD match at any rank
åkerpilört,1,species (common name),åkerpilört,Persicaria maculosa ssp maculosa,Plantae,7291447.0,Persicaria maculosa maculosa,VARIETY,EXACT,96.0,https://www.gbif.org/species/7291447,,åkerpilört,,carried-over (species_split_taxa_gbif_matches.csv),Persicaria,Polygonaceae,Caryophyllales,Plantae,Persicaria maculosa ssp maculosa,,False,,False,Persicaria,False,maculosa ssp maculosa,Persicaria maculosa ssp maculosa,4217,False,True,3242,False,åkerpilört,2,,False,
