manual_species,count,match_level,genus,family,order,sead_common_name,sead_species_name,kingdom,gbif_usage_key,gbif_canonical_name,gbif_rank,gbif_match_type,gbif_confidence,gbif_url,species_split_english,contributing_species_split,ambiguous_genus_candidates,gbif_source,gbif_genus,gbif_family,gbif_order,gbif_kingdom,gbif_candidate,taxon_id,taxon_id_is_new,common_name_id,common_name_id_is_new,needs_manual_review,review_reason
al,6281,"genus (suffix, ambiguous)",,,,,,,,,,,,,,"al, albark, alknopp, alkottar, alkotte","Lathyrus, Alnus",,,,,,,,False,,False,True,"no GBIF or SEAD match at any rank; ambiguous genus suffix match, candidates: Lathyrus, Alnus"
tall,3046,species (common name),Pinus,Pinaceae,Pinales,tall,Pinus sylvestris var sylvestris,Plantae,7230693.0,Pinus sylvestris sylvestris,VARIETY,EXACT,100.0,https://www.gbif.org/species/7230693,Baltic pine,"kottefjäll tall, kottefjäll. tall, tall, tallbark, tallbarr, tallkotte, tallkottefjäll, talll",,carried-over (species_split_taxa_gbif_matches.csv),Pinus,Pinaceae,Pinales,Plantae,Pinus sylvestris var sylvestris,3613,False,2797,False,False,
korn,2230,"genus (suffix, ambiguous)",,,,,,,,,,,,,,"korn, skalkorn","Impatiens, Hordelymus, Hordeum",,,,,,,,False,,False,True,"no GBIF or SEAD match at any rank; ambiguous genus suffix match, candidates: Impatiens, Hordelymus, Hordeum"
björk,2082,genus (suffix-inferred),Betula,Betulaceae,Fagales,,,Plantae,2875008.0,Betula,GENUS,HIGHERRANK,95.0,https://www.gbif.org/species/2875008,Birch,"björk, björk bulk, björkl, björknäver",,carried-over (species_split_taxa_gbif_matches.csv),Betula,Betulaceae,Fagales,Plantae,Betula,47010,True,4273,True,False,
ko,1890,animal (common name),Bos,Bovidae,Artiodactyla,ko,Bos taurus,Animalia,2441022.0,Bos taurus,SPECIES,EXACT,100.0,https://www.gbif.org/species/2441022,Aurochs,"kalv, ko, ötkreatur",,carried-over (species_split_taxa_gbif_matches.csv),Bos,Bovidae,Artiodactyla,Animalia,Bos taurus,47011,True,4274,True,False,
ek,1809,species (common name),Quercus,Fagaceae,Fagales,ek,Quercus robur,Plantae,2878688.0,Quercus robur,SPECIES,EXACT,99.0,https://www.gbif.org/species/2878688,Common Oak,"ek, ek bulk, ekbark, ekl, ekollon",,carried-over (species_split_taxa_gbif_matches.csv),Quercus,Fagaceae,Fagales,Plantae,Quercus robur,2614,False,2035,False,False,
hassel,1712,species (common name),Corylus,Corylaceae,Fagales,hassel,Corylus avellana,Plantae,2875979.0,Corylus avellana,SPECIES,EXACT,99.0,https://www.gbif.org/species/2875979,Barcelona-nuts,"hasel, hassel, hasselnöt, hasselskal, obränd hasselnöt",,carried-over (species_split_taxa_gbif_matches.csv),Corylus,Betulaceae,Fagales,Plantae,Corylus avellana,1825,False,1458,False,False,
gran,1258,species (common name),Picea,Pinaceae,Pinales,gran,Picea abies ssp abies,Plantae,7306267.0,Picea abies abies,SUBSPECIES,EXACT,100.0,https://www.gbif.org/species/7306267,,"enmöjl gran, förkolnade granbarr, gran, granbar, granbark, granbarr, grankvist, kottefjäll gran",,carried-over (species_split_taxa_gbif_matches.csv),Picea,Pinaceae,Pinales,Plantae,Picea abies ssp abies,3591,False,2782,False,False,
ran,1183,"genus (suffix, ambiguous)",,,,,,,,,,,,,,ran,"Abies, Picea, Pseudotsuga, Taxus",,,,,,,,False,,False,True,"no GBIF or SEAD match at any rank; ambiguous genus suffix match, candidates: Abies, Picea, Pseudotsuga, Taxus"
människa,1173,animal (common name),Homo,Hominidae,Primates,människa,Homo sapiens,Animalia,2436436.0,Homo sapiens,SPECIES,EXACT,100.0,https://www.gbif.org/species/2436436,Human,"männinska, människa, männska",,carried-over (species_split_taxa_gbif_matches.csv),Homo,Hominidae,Primates,Animalia,Homo sapiens,47012,True,4275,True,False,
cerealia,842,genus (latin),Cerealia,Cerealia,Cerealia,,,Plantae,6.0,Plantae,KINGDOM,HIGHERRANK,99.0,https://www.gbif.org/species/6,Plants,"ceerealia indet, ceralia, cerealia, cerealia frag, cerealia idet, cerealia indet, cerealia sp, cerealis indet, cerelia indet, cereralia, crerealia indet, halm, halmstrå",,carried-over (species_split_taxa_gbif_matches.csv),,,,Plantae,Cerealia,17995,False,4276,True,False,
indet?,709,,,,,,,,,,,,,,,"förkolnad, förkolnade, kotefjjäl, kottefjäll, kvist, kvistspetsar, lövträ, lövträd, obestämt, obränd, oförkolnat material, oid, oid., okänt ursprung, organisk massa, ospec, ospec., sot i keramik, sotig jord, stamdelar ört, terrest, textil, textilfragment, torne, tågvirke",,,,,,,,,False,,False,True,no GBIF or SEAD match at any rank; marked uncertain ('?') in the manual mapping
salix,466,genus (latin),Salix,Salicaceae,Salicales,,,Plantae,3039576.0,Salix,GENUS,EXACT,95.0,https://www.gbif.org/species/3039576,Sallow,salix,,carried-over (species_split_taxa_gbif_matches.csv),Salix,Salicaceae,Malpighiales,Plantae,Salix,47013,True,4277,True,False,
salix sp,465,genus (latin),Salix,Salicaceae,Salicales,,,Plantae,3039576.0,Salix,GENUS,EXACT,95.0,https://www.gbif.org/species/3039576,Sallow,salix sp,,carried-over (species_split_taxa_gbif_matches.csv),Salix,Salicaceae,Malpighiales,Plantae,Salix,47013,True,4278,True,False,
däggdjur?,423,animal (common name),Bos,Bovidae,Artiodactyla,nörkreatur,Bos taurus,Animalia,2441022.0,Bos taurus,SPECIES,EXACT,100.0,https://www.gbif.org/species/2441022,Aurochs,"däggdjur, däggfjur, hår, litet däggdjur, nörkreatur, nöt, nötboskap, nötfiber, nöthår, nötkreatur, nötkrestur, stor gräsätare, större däggdjur, tagel",,carried-over (species_split_taxa_gbif_matches.csv),Bos,Bovidae,Artiodactyla,Animalia,Bos taurus,47011,True,4279,True,True,marked uncertain ('?') in the manual mapping
ask,374,species (common name),Fraxinus,Oleaceae,Lamiales,ask,Fraxinus excelsior,Plantae,3172358.0,Fraxinus excelsior,SPECIES,EXACT,99.0,https://www.gbif.org/species/3172358,Ash,"ask, askl",,carried-over (species_split_taxa_gbif_matches.csv),Fraxinus,Oleaceae,Lamiales,Plantae,Fraxinus excelsior,3213,False,2542,False,False,
indet,362,,,,,,,,,,,,,,,"indet, pollen, smidesloppor, snöre, stjälkar förkolnad, strå, strå och örtfragment, strån",,,,,,,,,False,,False,True,no GBIF or SEAD match at any rank
en,349,species (common name),Juniperus,Cupressaceae,Pinales,en,Juniperus communis ssp communis,Plantae,6319348.0,Juniperus communis communis,SUBSPECIES,EXACT,100.0,https://www.gbif.org/species/6319348,Common Juniper,"en, enbark, enbär, enfrön, enkorn, enmöjl gran",,carried-over (species_split_taxa_gbif_matches.csv),Juniperus,Cupressaceae,Pinales,Plantae,Juniperus communis ssp communis,1880,False,1510,False,False,
matskorpa,325,,,,,,,,,,,,,,,"matskopa, matskorpa, matskorpa (ins), matskorpa (sol)",,,,,,,,,False,,False,True,no GBIF or SEAD match at any rank
asp,320,species (common name),Populus,Salicaceae,Salicales,asp,Populus tremula,Plantae,3040249.0,Populus tremula,SPECIES,EXACT,100.0,https://www.gbif.org/species/3040249,Aspen,asp,,carried-over (species_split_taxa_gbif_matches.csv),Populus,Salicaceae,Malpighiales,Plantae,Populus tremula,5051,False,3871,False,False,
plant indet?,316,,,,,,,,,,,,,,,"frökapsel, fröskal, förkolnad ört, förkolnade rottrådar, grässtrå, grässtrån, gröt, harts, harts eller träkol, rhizom, rot, rotfilt, rotfilt örtstam, rotfragment, rotknöl, rottråd, rottrådar, rotttrådar, samt träkol, träkol, växtdelar ört, ört, örtdelar, örtfragment, örtstam, örtstam och rot, örtstjälk, örtstjälkar",,,,,,,,,False,,False,True,no GBIF or SEAD match at any rank; marked uncertain ('?') in the manual mapping
emmervete,278,species (common name),Triticum,Poaceae,Poales,emmervete,Triticum turgidum,Plantae,2706406.0,Triticum turgidum,SPECIES,EXACT,99.0,https://www.gbif.org/species/2706406,Rivet Wheat,"emme, emmer, emmervete, spelt- emmervete",,carried-over (species_split_taxa_gbif_matches.csv),Triticum,Poaceae,Poales,Plantae,Triticum turgidum,4146,False,3183,False,False,
vete,271,species (common name),Triticum,Poaceae,Poales,vete,Triticum aestivum,Plantae,7795888.0,Triticum aestivum,SPECIES,EXACT,99.0,https://www.gbif.org/species/7795888,Bread Wheat,"skalvete, vete",,carried-over (species_split_taxa_gbif_matches.csv),Triticum,Poaceae,Poales,Plantae,Triticum aestivum,4143,False,3180,False,False,
lin,239,species (common name),Linum,Linaceae,Malpighiales,lin,Linum usitatissimum,Plantae,2873861.0,Linum usitatissimum,SPECIES,EXACT,99.0,https://www.gbif.org/species/2873861,Common Flax,"lin, linfiber, linfrö",,carried-over (species_split_taxa_gbif_matches.csv),Linum,Linaceae,Malpighiales,Plantae,Linum usitatissimum,3112,False,2453,False,False,
trä?,220,,,,,,,,,,,,,,,"bark, barr, barrträd, basstamdelar, knopp",,,,,,,,,False,,False,True,no GBIF or SEAD match at any rank; marked uncertain ('?') in the manual mapping
lind,220,species (common name),Tilia,Tiliaceae,Malvales,lind,Tilia cordata,Plantae,3152047.0,Tilia cordata,SPECIES,EXACT,99.0,https://www.gbif.org/species/3152047,Linden,"lind, lindbark, lindbast",,carried-over (species_split_taxa_gbif_matches.csv),Tilia,Malvaceae,Malvales,Plantae,Tilia cordata,5492,False,4164,False,False,
speltvete,208,species (common name),Triticum,Poaceae,Poales,speltvete,Triticum spelta,Plantae,2706402.0,Triticum spelta,SPECIES,EXACT,100.0,https://www.gbif.org/species/2706402,Spelt,"spel, spelt, speltvete",,carried-over (species_split_taxa_gbif_matches.csv),Triticum,Poaceae,Poales,Plantae,Triticum spelta,4145,False,3182,False,False,
maloideae,179,,,,,,,,,,,,,,,"maloidea, maloideae, maloidear",,,,,,,,,False,,False,True,no GBIF or SEAD match at any rank
lönn,175,species (common name),Acer,Acoraceae,Alismatales,lönn,Acer platanoides,Plantae,3189846.0,Acer platanoides,SPECIES,EXACT,100.0,https://www.gbif.org/species/3189846,Norway Maple,lönn,,carried-over (species_split_taxa_gbif_matches.csv),Acer,Sapindaceae,Sapindales,Plantae,Acer platanoides,5,False,5,False,False,
naket,113,,,,,,,,,,,,,,,"najet korn, naket, naket kor",,,,,,,,,False,,False,True,no GBIF or SEAD match at any rank
bröd?,106,,,,,,,,,,,,,,,bröd,,,,,,,,,False,,False,True,no GBIF or SEAD match at any rank; marked uncertain ('?') in the manual mapping
råg,98,species (common name),Secale,Poaceae,Poales,råg,Secale cereale,Plantae,2705966.0,Secale cereale,SPECIES,EXACT,99.0,https://www.gbif.org/species/2705966,Cereal Rye,råg,,carried-over (species_split_taxa_gbif_matches.csv),Secale,Poaceae,Poales,Plantae,Secale cereale,4106,False,3151,False,False,
häst,96,animal (common name),Equus,Equidae,Perissodactyla,häst,Equus caballus,Animalia,2440886.0,Equus caballus,SPECIES,EXACT,100.0,https://www.gbif.org/species/2440886,Alberta Mountain Horse,"häst, hästböna, hästsko, hästspillning, hästtand",,carried-over (species_split_taxa_gbif_matches.csv),Equus,Equidae,Perissodactyla,Animalia,Equus caballus,47014,True,4280,True,False,
bok,81,species (common name),Fagus,Fagaceae,Fagales,bok,Fagus sylvatica,Plantae,2882316.0,Fagus sylvatica,SPECIES,EXACT,100.0,https://www.gbif.org/species/2882316,Beech,bok,,carried-over (species_split_taxa_gbif_matches.csv),Fagus,Fagaceae,Fagales,Plantae,Fagus sylvatica,2610,False,2032,False,False,
svin,73,animal (common name),Sus,Suidae,Artiodactyla,svin,Sus scrofa domesticus,Animalia,11374585.0,Sus scrofa domesticus,SUBSPECIES,EXACT,99.0,https://www.gbif.org/species/11374585,Domestic Pig,"get alt. svin, svin, svinbete, tamsvin",,carried-over (species_split_taxa_gbif_matches.csv),Sus,Suidae,Artiodactyla,Animalia,Sus scrofa domesticus,47015,True,4281,True,False,
alm,72,"genus (suffix, ambiguous)",,,,,,,,,,,,,,alm,"Cocos, Phoenix, Ulmus",,,,,,,,False,,False,True,"no GBIF or SEAD match at any rank; ambiguous genus suffix match, candidates: Cocos, Phoenix, Ulmus"
nävesläktet?,68,gbif only (no prior SEAD anchor),Geranium,Geraniaceae,Geraniales,,,Plantae,304058091,Geranium,GENUS,VERNACULAR,,,Cranebills,näver,,species/search (vernacular),Geranium,Geraniaceae,Geraniales,Plantae,,47016,True,4282,True,True,weak GBIF match (VERNACULAR); marked uncertain ('?') in the manual mapping
säl,60,animal (family),,Phocidae,,säl,,Animalia,5310.0,Phocidae,FAMILY,EXACT,96.0,https://www.gbif.org/species/5310,Crawling Seals,säl,,carried-over (species_split_taxa_gbif_matches.csv),,Phocidae,Carnivora,Animalia,Phocidae,47017,True,4283,True,False,
får,59,animal (common name),Ovis,Bovidae,Artiodactyla,får,Ovis aries,Animalia,2441110.0,Ovis aries,SPECIES,EXACT,99.0,https://www.gbif.org/species/2441110,Domestic Sheep,"får, fårtand",,carried-over (species_split_taxa_gbif_matches.csv),Ovis,Bovidae,Artiodactyla,Animalia,Ovis aries,47018,True,4284,True,False,
kubbvete,59,gbif only (no prior SEAD anchor),Triticum,Poaceae,Poales,,,Plantae,160025822,Triticum compactum,SPECIES,VERNACULAR,,,,"bröd- kubbvete, kubbvete",,species/search (vernacular),Triticum,Poaceae,Poales,Plantae,,47019,True,4285,True,True,weak GBIF match (VERNACULAR)
havre,57,species (common name),Avena,Poaceae,Poales,havre,Avena sativa var sativa,Plantae,7432992.0,Avena sativa sativa,VARIETY,EXACT,100.0,https://www.gbif.org/species/7432992,,"haver, havre",,carried-over (species_split_taxa_gbif_matches.csv),Avena,Poaceae,Poales,Plantae,Avena sativa var sativa,3743,False,2882,False,False,
pomoidea,52,,,,,,,,,,,,,,,pomoidea,,,,,,,,,False,,False,True,no GBIF or SEAD match at any rank
pomoideae,51,,,,,,,,,,,,,,,pomoideae,,,,,,,,,False,,False,True,no GBIF or SEAD match at any rank
get,49,animal (common name),Capra,Bovidae,Artiodactyla,get,Capra hircus,Animalia,2441056.0,Capra hircus,SPECIES,EXACT,100.0,https://www.gbif.org/species/2441056,Billy Goat,"get, get alt. svin",,carried-over (species_split_taxa_gbif_matches.csv),Capra,Bovidae,Artiodactyla,Animalia,Capra hircus,47020,True,4286,True,False,
naket?,48,,,,,,,,,,,,,,,naket korn,,,,,,,,,False,,False,True,no GBIF or SEAD match at any rank; marked uncertain ('?') in the manual mapping
sol?,47,,,,,,,,,,,,,,,"(sol), sol, sol fraktion, sol-fraktion",,,,,,,,,False,,False,True,no GBIF or SEAD match at any rank; marked uncertain ('?') in the manual mapping
brödvete,40,,,,,,,,,,,,,,,"bröd- kubbvete, brödvete",,,,,,,,,False,,False,True,no GBIF or SEAD match at any rank
hjortdjur,29,animal (family),,Cervidae,,hjortdjur,Cervus elaphus,Animalia,2440958.0,Cervus elaphus,SPECIES,EXACT,100.0,https://www.gbif.org/species/2440958,Barbary Red Deer (barbarus),"hjort, hjortdjur, hjorthår",,carried-over (species_split_taxa_gbif_matches.csv),Cervus,Cervidae,Artiodactyla,Animalia,Cervus elaphus,47021,True,4287,True,False,
hordeum,26,genus (latin),Hordeum,Poaceae,Poales,,,Plantae,2706050.0,Hordeum,GENUS,EXACT,96.0,https://www.gbif.org/species/2706050,Barley,hordeum,,carried-over (species_split_taxa_gbif_matches.csv),Hordeum,Poaceae,Poales,Plantae,Hordeum,47022,True,4288,True,False,
älg,25,animal (common name),Alces,Cervidae,Artiodactyla,älg,Alces alces,Animalia,2440940.0,Alces alces,SPECIES,EXACT,100.0,https://www.gbif.org/species/2440940,Alce,älg,,carried-over (species_split_taxa_gbif_matches.csv),Alces,Cervidae,Artiodactyla,Animalia,Alces alces,47023,True,4289,True,False,
brudbröd,22,species (common name),Filipendula,Rosaceae,Rosales,brudbröd,Filipendula vulgaris,Plantae,2988069.0,Filipendula vulgaris,SPECIES,EXACT,99.0,https://www.gbif.org/species/2988069,Dropwort,"brudberöd, brudbröd",,carried-over (species_split_taxa_gbif_matches.csv),Filipendula,Rosaceae,Rosales,Plantae,Filipendula vulgaris,4671,False,3575,False,False,
gräs,22,"genus (suffix, ambiguous)",,,,,,,,,,,,,,gräs,"Scheuchzeria, Isoetes, Pilularia, Achnantherum, Arctophila, Beckmannia, Briza, Catabrosa, Chloris, Cinna, Crypsis, Cynodon, Dactyloctenium, Danthonia, Dinebra, Eragrostis, Gastridium, Glyceria, Hierochloe, Leptochloa, Lolium, Mibora, Pennisetum, Phalaris, Phippsia, Polypogon, Puccinellia, Rytidosperma, Schismus, Scolochloa, Snowdenia, Spartina, Sporobolus, Stipa, Taeniatherum, Tragus, Sparganium, Filipendula",,,,,,,,False,,False,True,"no GBIF or SEAD match at any rank; ambiguous genus suffix match, candidates: Scheuchzeria, Isoetes, Pilularia, Achnantherum, Arctophila, Beckmannia, Briza, Catabrosa, Chloris, Cinna, Crypsis, Cynodon, Dactyloctenium, Danthonia, Dinebra, Eragrostis, Gastridium, Glyceria, Hierochloe, Leptochloa, Lolium, Mibora, Pennisetum, Phalaris, Phippsia, Polypogon, Puccinellia, Rytidosperma, Schismus, Scolochloa, Snowdenia, Spartina, Sporobolus, Stipa, Taeniatherum, Tragus, Sparganium, Filipendula"
hund,22,animal (common name),Canis,Canidae,Carnivora,hund,Canis lupus familiaris,Animalia,6164210.0,Canis lupus familiaris,SUBSPECIES,EXACT,100.0,https://www.gbif.org/species/6164210,Domestic Dog,hund,,carried-over (species_split_taxa_gbif_matches.csv),Canis,Canidae,Carnivora,Animalia,Canis lupus familiaris,47024,True,4290,True,False,
djur,21,gbif only (no prior SEAD anchor),,,,,,Animalia,159935719,Animalia,KINGDOM,VERNACULAR,,,,djurben,,species/search (vernacular),,,,Animalia,,,False,,False,True,no GBIF or SEAD match at any rank; weak GBIF match (VERNACULAR)
kronhjort,20,animal (common name),Cervus,Cervidae,Artiodactyla,kronhjort,Cervus elaphus,Animalia,2440958.0,Cervus elaphus,SPECIES,EXACT,100.0,https://www.gbif.org/species/2440958,Barbary Red Deer (barbarus),kronhjort,,carried-over (species_split_taxa_gbif_matches.csv),Cervus,Cervidae,Artiodactyla,Animalia,Cervus elaphus,47021,True,4291,True,False,
djur?,19,species (common name),Cardamine,Brassicaceae,Brassicales,tandrot,Cardamine bulbifera,Plantae,3045931.0,Cardamine bulbifera,SPECIES,EXACT,99.0,https://www.gbif.org/species/3045931,Coralroot,"gräsätare, hjärnsubstans, hörntand, koprolit, läder, tandrot, tjärat nöthår, tänder",,carried-over (species_split_taxa_gbif_matches.csv),Cardamine,Brassicaceae,Brassicales,Plantae,Cardamine bulbifera,1146,False,925,False,True,marked uncertain ('?') in the manual mapping
brakved,18,species (common name),Frangula,Rhamnaceae,Rosales,brakved,Frangula alnus,Plantae,3039454.0,Frangula alnus,SPECIES,EXACT,100.0,https://www.gbif.org/species/3039454,Alder Buckthorn,brakved,,carried-over (species_split_taxa_gbif_matches.csv),Frangula,Rhamnaceae,Rosales,Plantae,Frangula alnus,4559,False,3476,False,False,
ull,14,"genus (suffix, ambiguous)",Eriophorum,Cyperaceae,Poales,,,Plantae,160027178,Eriophorum,GENUS,VERNACULAR,,,,"ull, ulltextil","Nymphoides, Polemonium, Eriophorum",species/search (vernacular),Eriophorum,Cyperaceae,Poales,Plantae,,47025,True,4292,True,True,"ambiguous genus suffix match, candidates: Nymphoides, Polemonium, Eriophorum; weak GBIF match (VERNACULAR)"
populus,14,genus (latin),Populus,Salicaceae,Salicales,,,Plantae,3040183.0,Populus,GENUS,EXACT,96.0,https://www.gbif.org/species/3040183,"Aspen, Cottonwood, Poplar",populus,,carried-over (species_split_taxa_gbif_matches.csv),Populus,Salicaceae,Malpighiales,Plantae,Populus,47026,True,4293,True,False,
prunus sp,12,genus (latin),Prunus,Rosaceae,Rosales,,,Plantae,3020559.0,Prunus,GENUS,HIGHERRANK,95.0,https://www.gbif.org/species/3020559,"Almond, Cherry, Plum",prunus sp,,carried-over (species_split_taxa_gbif_matches.csv),Prunus,Rosaceae,Rosales,Plantae,Prunus,47027,True,4294,True,False,
ren,12,animal (common name),Rangifer,Cervidae,Artiodactyla,ren,Rangifer tarandus,Animalia,5220114.0,Rangifer tarandus,SPECIES,EXACT,100.0,https://www.gbif.org/species/5220114,Caribou,"ren, renhår",,carried-over (species_split_taxa_gbif_matches.csv),Rangifer,Cervidae,Artiodactyla,Animalia,Rangifer tarandus,47028,True,4295,True,False,
Starrsläktet,12,"genus (suffix, ambiguous)",Carex,Cyperaceae,Poales,,,Plantae,296322706,Carex,GENUS,VERNACULAR,,,Sedges,starr,,species/search (vernacular),Carex,Cyperaceae,Poales,Plantae,,47029,True,4296,True,True,ambiguous genus suffix match (candidates not available); weak GBIF match (VERNACULAR)
populus sp,12,genus (latin),Populus,Salicaceae,Salicales,,,Plantae,3040183.0,Populus,GENUS,EXACT,96.0,https://www.gbif.org/species/3040183,"Aspen, Cottonwood, Poplar",populus sp,,carried-over (species_split_taxa_gbif_matches.csv),Populus,Salicaceae,Malpighiales,Plantae,Populus,47026,True,4297,True,False,
hordeum vulgare,11,,,,,,,,,,,,,,,hordeum vulgare,,,,,,,,,False,,False,True,no GBIF or SEAD match at any rank
fisk,11,,,,,,,,,,,,,,,"fisk, fiskben, fiskfjäll",,,,,,,,,False,,False,True,no GBIF or SEAD match at any rank
knylhavre,11,species (common name),Arrhenatherum,Poaceae,Poales,knylhavre,Arrhenatherum elatius ssp elatius,Plantae,9781113.0,Arrhenatherum elatius elatius,SUBSPECIES,EXACT,100.0,https://www.gbif.org/species/9781113,False Oat-grass,knylhavre,,carried-over (species_split_taxa_gbif_matches.csv),Arrhenatherum,Poaceae,Poales,Plantae,Arrhenatherum elatius ssp elatius,3737,False,2877,False,False,
bäver,11,animal (common name),Castor,Castoridae,Rodentia,bäver,Castor fiber,Animalia,4409131.0,Castor fiber,SPECIES,EXACT,100.0,https://www.gbif.org/species/4409131,Beaver,bäver,,carried-over (species_split_taxa_gbif_matches.csv),Castor,Castoridae,Rodentia,Animalia,Castor fiber,47030,True,4298,True,False,
vildsvin,9,animal (common name),Sus,Suidae,Artiodactyla,vildsvin,Sus scrofa,Animalia,7705930.0,Sus scrofa,SPECIES,EXACT,100.0,https://www.gbif.org/species/7705930,Boar,vildsvin,,carried-over (species_split_taxa_gbif_matches.csv),Sus,Suidae,Artiodactyla,Animalia,Sus scrofa,47031,True,4299,True,False,
ljung,9,species (common name),Calluna,Ericaceae,Ericales,ljung,Calluna vulgaris,Plantae,2882482.0,Calluna vulgaris,SPECIES,EXACT,99.0,https://www.gbif.org/species/2882482,Common Heather,ljung,,carried-over (species_split_taxa_gbif_matches.csv),Calluna,Ericaceae,Ericales,Plantae,Calluna vulgaris,2249,False,1734,False,False,
mjölon,9,species (common name),Arctostaphylos,Ericaceae,Ericales,mjölon,Arctostaphylos uva-ursi,Plantae,2882580.0,Arctostaphylos uva-ursi,SPECIES,EXACT,100.0,https://www.gbif.org/species/2882580,Bear-grape,mjölon,,carried-over (species_split_taxa_gbif_matches.csv),Arctostaphylos,Ericaceae,Ericales,Plantae,Arctostaphylos uva-ursi,2248,False,1733,False,False,
triticum,9,genus (latin),Triticum,Poaceae,Poales,,,Plantae,2706388.0,Triticum,GENUS,EXACT,96.0,https://www.gbif.org/species/2706388,Wheat,triticum,,carried-over (species_split_taxa_gbif_matches.csv),Triticum,Poaceae,Poales,Plantae,Triticum,47019,True,4300,True,False,
målla,8,"genus (suffix, ambiguous)",,,,,,,,,,,,,,målla,"Atriplex, Axyris, Bassia, Chenopodium",,,,,,,,False,,False,True,"no GBIF or SEAD match at any rank; ambiguous genus suffix match, candidates: Atriplex, Axyris, Bassia, Chenopodium"
svinmålla,8,species (common name),Chenopodium,Chenopodiaceae,Caryophyllales,svinmålla,Chenopodium album var album,Plantae,7219474.0,Chenopodium album album,VARIETY,EXACT,100.0,https://www.gbif.org/species/7219474,Lambsquarters,"svinmålla, svinmålla (frö)",,carried-over (species_split_taxa_gbif_matches.csv),Chenopodium,Amaranthaceae,Caryophyllales,Plantae,Chenopodium album var album,1678,False,1339,False,False,
cf pinus sp,8,genus (latin),Pinus,Pinaceae,Pinales,,,Plantae,2684241.0,Pinus,GENUS,EXACT,96.0,https://www.gbif.org/species/2684241,Deal,cf pinus sp,,carried-over (species_split_taxa_gbif_matches.csv),Pinus,Pinaceae,Pinales,Plantae,Pinus,47032,True,4301,True,False,
hovdjur,7,,,,,,,,,,,,,,,"hovdjur, stort hovdjur",,,,,,,,,False,,False,True,no GBIF or SEAD match at any rank
cf quercus sp,7,genus (latin),Quercus,Fagaceae,Fagales,,,Plantae,2877951.0,Quercus,GENUS,EXACT,96.0,https://www.gbif.org/species/2877951,Acorn,cf quercus sp,,carried-over (species_split_taxa_gbif_matches.csv),Quercus,Fagaceae,Fagales,Plantae,Quercus,47033,True,4302,True,False,
hallon,7,species (common name),Rubus,Rosaceae,Rosales,hallon,Rubus idaeus,Plantae,2993094.0,Rubus idaeus,SPECIES,EXACT,99.0,https://www.gbif.org/species/2993094,American Red Raspberry,hallon,,carried-over (species_split_taxa_gbif_matches.csv),Rubus,Rosaceae,Rosales,Plantae,Rubus idaeus,4867,False,3711,False,False,
björn,6,animal (common name),Ursus,Ursidae,Carnivora,björn,Ursus arctos,Animalia,2433433.0,Ursus arctos,SPECIES,EXACT,100.0,https://www.gbif.org/species/2433433,Brown Bear,björn,,carried-over (species_split_taxa_gbif_matches.csv),Ursus,Ursidae,Carnivora,Animalia,Ursus arctos,47034,True,4303,True,False,
bärris,6,,,,,,,,,,,,,,,bärris,,,,,,,,,False,,False,True,no GBIF or SEAD match at any rank
bränt?,6,,,,,,,,,,,,,,,bränt,,,,,,,,,False,,False,True,no GBIF or SEAD match at any rank; marked uncertain ('?') in the manual mapping
igelknopp,6,species (common name),Sparganium,Typhaceae,Poales,igelknopp,Sparganium emersum,Plantae,2702266.0,Sparganium emersum,SPECIES,EXACT,100.0,https://www.gbif.org/species/2702266,European Bur-reed,"igelknopp, stor igelknopp",,carried-over (species_split_taxa_gbif_matches.csv),Sparganium,Typhaceae,Poales,Plantae,Sparganium emersum,5510,False,4176,False,False,
vaccinium sp,6,genus (latin),Vaccinium,Ericaceae,Ericales,,,Plantae,2882813.0,Vaccinium,GENUS,EXACT,96.0,https://www.gbif.org/species/2882813,Bilberries,vaccinium sp,,carried-over (species_split_taxa_gbif_matches.csv),Vaccinium,Ericaceae,Ericales,Plantae,Vaccinium,47035,True,4304,True,False,
ros,6,"genus (suffix, ambiguous)",,,,,,,,,,,,,,ros,"Helianthus, Taraxacum, Rhododendron, Lathraea, Alcea, Nuphar, Nymphaea, Helleborus, Rosa",,,,,,,,False,,False,True,"no GBIF or SEAD match at any rank; ambiguous genus suffix match, candidates: Helianthus, Taraxacum, Rhododendron, Lathraea, Alcea, Nuphar, Nymphaea, Helleborus, Rosa"
svalört,6,species (common name),Ranunculus,Ranunculaceae,Ranunculales,svalört,Ranunculus ficaria ssp ficaria,Plantae,8204202.0,Ranunculus ficaria ficaria,SUBSPECIES,EXACT,100.0,https://www.gbif.org/species/8204202,,"svalört, svalörtsrot",,carried-over (species_split_taxa_gbif_matches.csv),Ficaria,Ranunculaceae,Ranunculales,Plantae,Ranunculus ficaria ssp ficaria,4501,False,3428,False,False,
ärta,6,"genus (suffix, ambiguous)",,,,,,,,,,,,,,ärta,"Dicentra, Lamprocapnos",,,,,,,,False,,False,True,"no GBIF or SEAD match at any rank; ambiguous genus suffix match, candidates: Dicentra, Lamprocapnos"
idegran,6,species (common name),Taxus,Taxaceae,Pinales,idegran,Taxus baccata,Plantae,5284517.0,Taxus baccata,SPECIES,EXACT,99.0,https://www.gbif.org/species/5284517,Canada Yew,idegran,,carried-over (species_split_taxa_gbif_matches.csv),Taxus,Taxaceae,Pinales,Plantae,Taxus baccata,5483,False,4155,False,False,
cf salix sp,5,genus (latin),Salix,Salicaceae,Salicales,,,Plantae,3039576.0,Salix,GENUS,EXACT,95.0,https://www.gbif.org/species/3039576,Sallow,cf salix sp,,carried-over (species_split_taxa_gbif_matches.csv),Salix,Salicaceae,Malpighiales,Plantae,Salix,47013,True,4305,True,False,
vikare,5,animal (common name),Pusa,Phocidae,Carnivora,vikare,Pusa hispida,Animalia,5219369.0,Pusa hispida,SPECIES,EXACT,100.0,https://www.gbif.org/species/5219369,Arctic Ringed Seal,vikare,,carried-over (species_split_taxa_gbif_matches.csv),Pusa,Phocidae,Carnivora,Animalia,Pusa hispida,47036,True,4306,True,False,
poppel,5,genus (suffix-inferred),Populus,Salicaceae,Salicales,,,Plantae,3040183.0,Populus,GENUS,EXACT,96.0,https://www.gbif.org/species/3040183,"Aspen, Cottonwood, Poplar",poppel,,carried-over (species_split_taxa_gbif_matches.csv),Populus,Salicaceae,Malpighiales,Plantae,Populus,47026,True,4307,True,False,
gris,5,animal (common name),Sus,Suidae,Artiodactyla,gris,Sus scrofa domesticus,Animalia,11374585.0,Sus scrofa domesticus,SUBSPECIES,EXACT,99.0,https://www.gbif.org/species/11374585,Domestic Pig,gris,,carried-over (species_split_taxa_gbif_matches.csv),Sus,Suidae,Artiodactyla,Animalia,Sus scrofa domesticus,47015,True,4308,True,False,
cf picea sp,5,genus (latin),Picea,Pinaceae,Pinales,,,Plantae,7606064.0,Picea,GENUS,EXACT,95.0,https://www.gbif.org/species/7606064,Spruce,cf picea sp,,carried-over (species_split_taxa_gbif_matches.csv),Picea,Pinaceae,Pinales,Plantae,Picea,47037,True,4309,True,False,
cf tilia sp,5,genus (latin),Tilia,Tiliaceae,Malvales,,,Plantae,3152041.0,Tilia,GENUS,EXACT,96.0,https://www.gbif.org/species/3152041,Basswood,cf tilia sp,,carried-over (species_split_taxa_gbif_matches.csv),Tilia,Malvaceae,Malvales,Plantae,Tilia,47038,True,4310,True,False,
cf alnus sp,5,genus (latin),Alnus,Betulaceae,Fagales,,,Plantae,2876099.0,Alnus,GENUS,EXACT,95.0,https://www.gbif.org/species/2876099,Alder,cf alnus sp,,carried-over (species_split_taxa_gbif_matches.csv),Alnus,Betulaceae,Fagales,Plantae,Alnus,47039,True,4311,True,False,
pilört,5,genus (suffix-inferred),Persicaria,Polygonaceae,Caryophyllales,,,Plantae,6390748.0,Persicaria,GENUS,EXACT,95.0,https://www.gbif.org/species/6390748,Knotweed,pilört,,carried-over (species_split_taxa_gbif_matches.csv),Persicaria,Polygonaceae,Caryophyllales,Plantae,Persicaria,47040,True,4312,True,False,
vicker,5,genus (suffix-inferred),Vicia,Fabaceae,Fabales,,,Plantae,2974751.0,Vicia,GENUS,EXACT,96.0,https://www.gbif.org/species/2974751,Vetch,vicker,,carried-over (species_split_taxa_gbif_matches.csv),Vicia,Fabaceae,Fabales,Plantae,Vicia,47041,True,4313,True,False,
olvon,4,species (common name),Viburnum,Alliaceae,Asparagales,olvon,Viburnum opulus,Plantae,2888605.0,Viburnum opulus,SPECIES,EXACT,100.0,https://www.gbif.org/species/2888605,Crampbark,olvon,,carried-over (species_split_taxa_gbif_matches.csv),Viburnum,Viburnaceae,Dipsacales,Plantae,Viburnum opulus,25,False,23,False,False,
måra,4,"genus (suffix, ambiguous)",,,,,,,,,,,,,,måra,"Asperula, Cruciata, Galium, Phuopsis",,,,,,,,False,,False,True,"no GBIF or SEAD match at any rank; ambiguous genus suffix match, candidates: Asperula, Cruciata, Galium, Phuopsis"
rådjur,4,animal (common name),Capreolus,Cervidae,Artiodactyla,rådjur,Capreolus capreolus,Animalia,5220126.0,Capreolus capreolus,SPECIES,EXACT,100.0,https://www.gbif.org/species/5220126,Corzo,rådjur,,carried-over (species_split_taxa_gbif_matches.csv),Capreolus,Cervidae,Artiodactyla,Animalia,Capreolus capreolus,47042,True,4314,True,False,
hordeum sp,3,genus (latin),Hordeum,Poaceae,Poales,,,Plantae,2706050.0,Hordeum,GENUS,EXACT,96.0,https://www.gbif.org/species/2706050,Barley,hordeum sp,,carried-over (species_split_taxa_gbif_matches.csv),Hordeum,Poaceae,Poales,Plantae,Hordeum,47022,True,4315,True,False,
gädda,3,animal (common name),Esox,Esocidae,Esociformes,gädda,Esox lucius,Animalia,2346633.0,Esox lucius,SPECIES,EXACT,100.0,https://www.gbif.org/species/2346633,American Pike,gädda,,carried-over (species_split_taxa_gbif_matches.csv),Esox,Esocidae,Esociformes,Animalia,Esox lucius,47043,True,4316,True,False,
gråsäl,3,animal (common name),Halichoerus,Phocidae,Carnivora,gråsäl,Halichoerus grypus,Animalia,2434806.0,Halichoerus grypus,SPECIES,EXACT,100.0,https://www.gbif.org/species/2434806,Atlantic Gray Seal,gråsäl,,carried-over (species_split_taxa_gbif_matches.csv),Halichoerus,Phocidae,Carnivora,Animalia,Halichoerus grypus,47044,True,4317,True,False,
böna?,3,species (common name),Phaseolus,Fabaceae,Fabales,böna,Phaseolus vulgaris,Plantae,5350452.0,Phaseolus vulgaris,SPECIES,EXACT,99.0,https://www.gbif.org/species/5350452,Bean,böna,,carried-over (species_split_taxa_gbif_matches.csv),Phaseolus,Fabaceae,Fabales,Plantae,Phaseolus vulgaris,2494,False,1934,False,True,marked uncertain ('?') in the manual mapping
benved,3,species (common name),Evonymus,Celastraceae,Insertis Sedis,benved,Evonymus europaeus,Plantae,7403009.0,Evonymus europaeus,SPECIES,EXACT,100.0,https://www.gbif.org/species/7403009,,benved,,carried-over (species_split_taxa_gbif_matches.csv),Euonymus,Celastraceae,Celastrales,Plantae,Evonymus europaeus,1622,False,1302,False,False,
cf acer sp,3,genus (latin),Acer,Acoraceae,Alismatales,,,Plantae,3189834.0,Acer,GENUS,HIGHERRANK,95.0,https://www.gbif.org/species/3189834,Maple,cf acer sp,,carried-over (species_split_taxa_gbif_matches.csv),Acer,Sapindaceae,Sapindales,Plantae,Acer,47045,True,4318,True,False,
säd,3,,,,,,,,,,,,,,,säd,,,,,,,,,False,,False,True,no GBIF or SEAD match at any rank
oxel,3,species (common name),Sorbus,Rosaceae,Rosales,oxel,Sorbus intermedia,Plantae,5015.0,Rosaceae,FAMILY,HIGHERRANK,99.0,https://www.gbif.org/species/5015,Rose Family,oxel,,carried-over (species_split_taxa_gbif_matches.csv),,Rosaceae,Rosales,Plantae,Sorbus intermedia,4943,False,3775,False,False,
hagtorn,3,genus (suffix-inferred),Crataegus,Rosaceae,Rosales,,,Plantae,3013395.0,Crataegus,GENUS,EXACT,96.0,https://www.gbif.org/species/3013395,Haw,hagtorn,,carried-over (species_split_taxa_gbif_matches.csv),Crataegus,Rosaceae,Rosales,Plantae,Crataegus,47046,True,4319,True,False,
gråärt,3,gbif only (no prior SEAD anchor),Pisum,Fabaceae,Fabales,,,Plantae,160020585,Pisum sativum arvense,VARIETY,VERNACULAR,,,,gråärt,,species/search (vernacular),Pisum,Fabaceae,Fabales,Plantae,,47047,True,4320,True,True,weak GBIF match (VERNACULAR)
getapel,3,species (common name),Rhamnus,Rhamnaceae,Rosales,getapel,Rhamnus catharticus,Plantae,3039491.0,Rhamnus cathartica,SPECIES,FUZZY,97.0,https://www.gbif.org/species/3039491,Buckthorn,getapel,,carried-over (species_split_taxa_gbif_matches.csv),Rhamnus,Rhamnaceae,Rosales,Plantae,Rhamnus catharticus,4560,False,3477,False,True,weak GBIF match (FUZZY)
triticum aestivum,3,,,,,,,,,,,,,,,triticum aestivum,,,,,,,,,False,,False,True,no GBIF or SEAD match at any rank
triticum sp,3,genus (latin),Triticum,Poaceae,Poales,,,Plantae,2706388.0,Triticum,GENUS,EXACT,96.0,https://www.gbif.org/species/2706388,Wheat,triticum sp,,carried-over (species_split_taxa_gbif_matches.csv),Triticum,Poaceae,Poales,Plantae,Triticum,47019,True,4321,True,False,
sorbus,3,genus (latin),Sorbus,Rosaceae,Rosales,,,Plantae,3012146.0,Sorbus,GENUS,EXACT,96.0,https://www.gbif.org/species/3012146,Mountain Ashes,sorbus,,carried-over (species_split_taxa_gbif_matches.csv),Sorbus,Rosaceae,Rosales,Plantae,Sorbus,47048,True,4322,True,False,
rönn,3,species (common name),Sorbus,Rosaceae,Rosales,rönn,Sorbus aucuparia ssp aucuparia,Plantae,7272117.0,Sorbus aucuparia aucuparia,SUBSPECIES,EXACT,100.0,https://www.gbif.org/species/7272117,European mountain-ash,rönn,,carried-over (species_split_taxa_gbif_matches.csv),Sorbus,Rosaceae,Rosales,Plantae,Sorbus aucuparia ssp aucuparia,4937,False,3771,False,False,
starrfrukt,3,,,,,,,,,,,,,,,"starrfrukt, starrfrukter",,,,,,,,,False,,False,True,no GBIF or SEAD match at any rank
rosa sp,3,genus (latin),Rosa,Rosaceae,Rosales,,,Plantae,8395064.0,Rosa,GENUS,EXACT,95.0,https://www.gbif.org/species/8395064,Damask Rose,rosa sp,,carried-over (species_split_taxa_gbif_matches.csv),Rosa,Rosaceae,Rosales,Plantae,Rosa,47049,True,4323,True,False,
uroxe,3,animal (common name),Bos,Bovidae,Artiodactyla,uroxe,Bos primigenius,Animalia,2441024.0,Bos primigenius,SPECIES,EXACT,100.0,https://www.gbif.org/species/2441024,Auroch,uroxe,,carried-over (species_split_taxa_gbif_matches.csv),Bos,Bovidae,Artiodactyla,Animalia,Bos primigenius,47050,True,4324,True,False,
trampört,3,genus (suffix-inferred),Polygonum,Polygonaceae,Caryophyllales,,,Plantae,2889077.0,Polygonum,GENUS,HIGHERRANK,95.0,https://www.gbif.org/species/2889077,Knotgrass,trampört,,carried-over (species_split_taxa_gbif_matches.csv),Polygonum,Polygonaceae,Caryophyllales,Plantae,Polygonum,47051,True,4325,True,False,
sälg,3,species (common name),Salix,Salicaceae,Salicales,sälg,Salix caprea ssp caprea,Plantae,7544926.0,Salix caprea caprea,SUBSPECIES,EXACT,100.0,https://www.gbif.org/species/7544926,,sälg,,carried-over (species_split_taxa_gbif_matches.csv),Salix,Salicaceae,Malpighiales,Plantae,Salix caprea ssp caprea,5110,False,3893,False,False,
,2,,,,,,,,,,,,,,,,,,,,,,,,False,,False,False,
vildapel,2,species (common name),Malus,Rosaceae,Rosales,vildapel,Malus sylvestris,Plantae,3001509.0,Malus sylvestris,SPECIES,EXACT,99.0,https://www.gbif.org/species/3001509,Crab Apple,vildapel,,carried-over (species_split_taxa_gbif_matches.csv),Malus,Rosaceae,Rosales,Plantae,Malus sylvestris,4692,False,3592,False,False,
ostron,2,animal (common name),Ostrea,Ostreidae,Ostreida,ostron,Ostrea edulis,Animalia,2286060.0,Ostrea edulis,SPECIES,EXACT,100.0,https://www.gbif.org/species/2286060,Edible oyster,ostron,,carried-over (species_split_taxa_gbif_matches.csv),Ostrea,Ostreidae,Ostreida,Animalia,Ostrea edulis,47052,True,4326,True,False,
tiggarranunkel,2,species (common name),Ranunculus,Ranunculaceae,Ranunculales,tiggarranunkel,Ranunculus scleratus,Plantae,9065081.0,Ranunculus scleratus,SPECIES,EXACT,100.0,https://www.gbif.org/species/9065081,,tiggarranunkel,,carried-over (species_split_taxa_gbif_matches.csv),Ranunculus,Ranunculaceae,Ranunculales,Plantae,Ranunculus scleratus,4534,False,3455,False,False,
vikaresäl,2,animal (common name),Pusa,Phocidae,Carnivora,vikaresäl,Pusa hispida,Animalia,5219369.0,Pusa hispida,SPECIES,EXACT,100.0,https://www.gbif.org/species/5219369,Arctic Ringed Seal,vikaresäl,,carried-over (species_split_taxa_gbif_matches.csv),Pusa,Phocidae,Carnivora,Animalia,Pusa hispida,47036,True,4327,True,False,
fågel,2,,,,,,,,,,,,,,,fågel,,,,,,,,,False,,False,True,no GBIF or SEAD match at any rank
amulettring?,2,,,,,,,,,,,,,,,amulettring,,,,,,,,,False,,False,True,no GBIF or SEAD match at any rank; marked uncertain ('?') in the manual mapping
hirs,2,species (common name),Panicum,Poaceae,Poales,hirs,Panicum miliaceum,Plantae,2705090.0,Panicum miliaceum,SPECIES,EXACT,99.0,https://www.gbif.org/species/2705090,Brown Millet,hirs,,carried-over (species_split_taxa_gbif_matches.csv),Panicum,Poaceae,Poales,Plantae,Panicum miliaceum,4013,False,3088,False,False,
jurpa,2,,,,,,,,,,,,,,,jurpa,,,,,,,,,False,,False,True,no GBIF or SEAD match at any rank
idisslare,2,gbif only (no prior SEAD anchor),,,Artiodactyla,,,Animalia,159939909,Ruminantia,SUBORDER,VERNACULAR,,,,idisslare,,species/search (vernacular),,,Artiodactyla,Animalia,,47053,True,4328,True,True,weak GBIF match (VERNACULAR)
grönlandssäl,2,animal (common name),Pagophilus,Phocidae,Carnivora,grönlandssäl,Pagophilus groenlandicus,Animalia,2434801.0,Pagophilus groenlandicus,SPECIES,EXACT,100.0,https://www.gbif.org/species/2434801,Foca Pia,grönlandssäl,,carried-over (species_split_taxa_gbif_matches.csv),Pagophilus,Phocidae,Carnivora,Animalia,Pagophilus groenlandicus,47054,True,4329,True,False,
fläder,2,species (common name),Sambucus,Alismataceae,Alismatales,fläder,Sambucus nigra,Plantae,2888728.0,Sambucus nigra,SPECIES,EXACT,99.0,https://www.gbif.org/species/2888728,Black Elder,fläder,,carried-over (species_split_taxa_gbif_matches.csv),Sambucus,Viburnaceae,Dipsacales,Plantae,Sambucus nigra,19,False,18,False,False,
makrofossil?,2,,,,,,,,,,,,,,,makrofossil,,,,,,,,,False,,False,True,no GBIF or SEAD match at any rank; marked uncertain ('?') in the manual mapping
kråkbär,2,species (common name),Empetrum,Ericaceae,Ericales,kråkbär,Empetrum nigrum ssp nigrum,Plantae,6387990.0,Empetrum nigrum nigrum,SUBSPECIES,EXACT,100.0,https://www.gbif.org/species/6387990,Crowberry,kråkbär,,carried-over (species_split_taxa_gbif_matches.csv),Empetrum,Ericaceae,Ericales,Plantae,Empetrum nigrum ssp nigrum,2256,False,1740,False,False,
kornell,2,genus (suffix-inferred),Cornus,Cornaceae,Cornales,,,Plantae,3082226.0,Cornus,GENUS,EXACT,96.0,https://www.gbif.org/species/3082226,Dogwood,kornell,,carried-over (species_split_taxa_gbif_matches.csv),Cornus,Cornaceae,Cornales,Plantae,Cornus,47055,True,4330,True,False,
katt,2,animal (common name),Felis,Felidae,Carnivora,katt,Felis catus,Animalia,2435035.0,Felis catus,SPECIES,EXACT,100.0,https://www.gbif.org/species/2435035,Alley Cat,katt,,carried-over (species_split_taxa_gbif_matches.csv),Felis,Felidae,Carnivora,Animalia,Felis catus,47056,True,4331,True,False,
pärlhavre,2,species (common name),Arrhenatherum,Poaceae,Poales,pärlhavre,Arrhenatherum elatius ssp bulbosus,Plantae,7987633.0,Arrhenatherum elatius bulbosum,SUBSPECIES,FUZZY,96.0,https://www.gbif.org/species/7987633,Tall Oatgrass,pärlhavre,,carried-over (species_split_taxa_gbif_matches.csv),Arrhenatherum,Poaceae,Poales,Plantae,Arrhenatherum elatius ssp bulbosus,3736,False,2876,False,True,weak GBIF match (FUZZY)
nate,2,"genus (suffix, ambiguous)",,,,,,,,,,,,,,nate,"Groenlandia, Potamogeton",,,,,,,,False,,False,True,"no GBIF or SEAD match at any rank; ambiguous genus suffix match, candidates: Groenlandia, Potamogeton"
sorbus sp,2,genus (latin),Sorbus,Rosaceae,Rosales,,,Plantae,3012146.0,Sorbus,GENUS,EXACT,96.0,https://www.gbif.org/species/3012146,Mountain Ashes,sorbus sp,,carried-over (species_split_taxa_gbif_matches.csv),Sorbus,Rosaceae,Rosales,Plantae,Sorbus,47048,True,4332,True,False,
snärjmåra,2,species (common name),Galium,Rubiaceae,Gentianales,snärjmåra,Galium aparine var aparine,Plantae,7474788.0,Galium aparine aparine,VARIETY,EXACT,100.0,https://www.gbif.org/species/7474788,,snärjmåra,,carried-over (species_split_taxa_gbif_matches.csv),Galium,Rubiaceae,Gentianales,Plantae,Galium aparine var aparine,4986,False,3816,False,False,
try,2,"genus (suffix, ambiguous)",,,,,,,,,,,,,,try,"Lonicera, Weigela",,,,,,,,False,,False,True,"no GBIF or SEAD match at any rank; ambiguous genus suffix match, candidates: Lonicera, Weigela"
kalkbruk?,2,,,,,,,,,,,,,,,kalkbruk,,,,,,,,,False,,False,True,no GBIF or SEAD match at any rank; marked uncertain ('?') in the manual mapping
råglosta,2,species (common name),Bromus,Poaceae,Poales,råglosta,Bromus secalinus,Plantae,2703717.0,Bromus secalinus,SPECIES,EXACT,99.0,https://www.gbif.org/species/2703717,Cheat,råglosta,,carried-over (species_split_taxa_gbif_matches.csv),Bromus,Poaceae,Poales,Plantae,Bromus secalinus,3782,False,2915,False,False,
cf maloideae,2,,,,,,,,,,,,,,,cf maloideae,,,,,,,,,False,,False,True,no GBIF or SEAD match at any rank
bränt ben?,2,,,,,,,,,,,,,,,bränt ben,,,,,,,,,False,,False,True,no GBIF or SEAD match at any rank; marked uncertain ('?') in the manual mapping
cf hordeum sp,2,genus (latin),Hordeum,Poaceae,Poales,,,Plantae,2706050.0,Hordeum,GENUS,EXACT,96.0,https://www.gbif.org/species/2706050,Barley,cf hordeum sp,,carried-over (species_split_taxa_gbif_matches.csv),Hordeum,Poaceae,Poales,Plantae,Hordeum,47022,True,4333,True,False,
cf fraxinus sp,2,genus (latin),Fraxinus,Oleaceae,Lamiales,,,Plantae,3172323.0,Fraxinus,GENUS,EXACT,96.0,https://www.gbif.org/species/3172323,Ash,cf fraxinus sp,,carried-over (species_split_taxa_gbif_matches.csv),Fraxinus,Oleaceae,Lamiales,Plantae,Fraxinus,47057,True,4334,True,False,
betula,2,genus (latin),Betula,Betulaceae,Fagales,,,Plantae,2875008.0,Betula,GENUS,HIGHERRANK,95.0,https://www.gbif.org/species/2875008,Birch,betula,,carried-over (species_split_taxa_gbif_matches.csv),Betula,Betulaceae,Fagales,Plantae,Betula,47010,True,4335,True,False,
brunskära,2,species (common name),Bidens,Asteraceae,Asterales,brunskära,Bidens tripartita,Plantae,5391862.0,Bidens tripartita,SPECIES,EXACT,99.0,https://www.gbif.org/species/5391862,Erect-bur-marigold,brunskära,,carried-over (species_split_taxa_gbif_matches.csv),Bidens,Asteraceae,Asterales,Plantae,Bidens tripartita,432,False,365,False,False,
delfin,2,animal (family),,Delphinidae,,delfin,,Animalia,5314.0,Delphinidae,FAMILY,EXACT,96.0,https://www.gbif.org/species/5314,Dolphin,delfin,,carried-over (species_split_taxa_gbif_matches.csv),,Delphinidae,Cetacea,Animalia,Delphinidae,47058,True,4336,True,False,
aborrskinn,1,animal (common name),Perca,Percidae,Perciformes,aborrskinn,Perca fluviatilis,Animalia,8140485.0,Perca fluviatilis,SPECIES,EXACT,100.0,https://www.gbif.org/species/8140485,Eurasian perch,aborrskinn,,carried-over (species_split_taxa_gbif_matches.csv),Perca,Percidae,Perciformes,Animalia,Perca fluviatilis,47059,True,4337,True,False,
bergssyra,1,gbif only (no prior SEAD anchor),Rumex,Polygonaceae,Caryophyllales,,,Plantae,160025141,Rumex acetosella,SPECIES,VERNACULAR,,,,bergssyra,,species/search (vernacular),Rumex,Polygonaceae,Caryophyllales,Plantae,,47060,True,4338,True,True,weak GBIF match (VERNACULAR)
baljfragment,1,,,,,,,,,,,,,,,baljfragment,,,,,,,,,False,,False,True,no GBIF or SEAD match at any rank
avenbok,1,species (common name),Carpinus,Corylaceae,Fagales,avenbok,Carpinus betulus,Plantae,2875818.0,Carpinus betulus,SPECIES,EXACT,99.0,https://www.gbif.org/species/2875818,Caucasian Hornbeam,avenbok,,carried-over (species_split_taxa_gbif_matches.csv),Carpinus,Betulaceae,Fagales,Plantae,Carpinus betulus,1824,False,1457,False,False,
agn?,1,,,,,,,,,,,,,,,agn,,,,,,,,,False,,False,True,no GBIF or SEAD match at any rank; marked uncertain ('?') in the manual mapping
bjrök,1,,,,,,,,,,,,,,,bjrök,,,,,,,,,False,,False,True,no GBIF or SEAD match at any rank
Carex tribuloides,1,,,,,,,,,,,,,,,starr nöt,,,,,,,,,False,,False,True,no GBIF or SEAD match at any rank
fårlort,1,,,,,,,,,,,,,,,fårlort,,,,,,,,,False,,False,True,no GBIF or SEAD match at any rank
gnagare,1,animal (order),,,Rodentia,gnagare,,Animalia,1459.0,Rodentia,ORDER,EXACT,96.0,https://www.gbif.org/species/1459,Rodent,gnagare,,carried-over (species_split_taxa_gbif_matches.csv),,,Rodentia,Animalia,Rodentia,47061,True,4339,True,False,
dån,1,"genus (suffix, ambiguous)",Galeopsis,Lamiaceae,Lamiales,,,Plantae,160016506,Galeopsis,GENUS,VERNACULAR,,,,dån,"Galeopsis, Leucas",species/search (vernacular),Galeopsis,Lamiaceae,Lamiales,Plantae,,47062,True,4340,True,True,"ambiguous genus suffix match, candidates: Galeopsis, Leucas; weak GBIF match (VERNACULAR)"
dinkel,1,gbif only (no prior SEAD anchor),Triticum,Poaceae,Poales,,,Plantae,159501969,Triticum spelta,SPECIES,VERNACULAR,,,,dinkel,,species/search (vernacular),Triticum,Poaceae,Poales,Plantae,,47019,True,4341,True,True,weak GBIF match (VERNACULAR)
cf vaccinium sp,1,genus (latin),Vaccinium,Ericaceae,Ericales,,,Plantae,2882813.0,Vaccinium,GENUS,EXACT,96.0,https://www.gbif.org/species/2882813,Bilberries,cf vaccinium sp,,carried-over (species_split_taxa_gbif_matches.csv),Vaccinium,Ericaceae,Ericales,Plantae,Vaccinium,47035,True,4342,True,False,
cyperaceae,1,genus (latin),Cyperaceae,Cyperaceae,Poales,,,Plantae,7708.0,Cyperaceae,FAMILY,EXACT,96.0,https://www.gbif.org/species/7708,Sedge,cyperaceae,,carried-over (species_split_taxa_gbif_matches.csv),,Cyperaceae,Poales,Plantae,Cyperaceae,18169,False,4343,True,False,
cf populus sp,1,genus (latin),Populus,Salicaceae,Salicales,,,Plantae,3040183.0,Populus,GENUS,EXACT,96.0,https://www.gbif.org/species/3040183,"Aspen, Cottonwood, Poplar",cf populus sp,,carried-over (species_split_taxa_gbif_matches.csv),Populus,Salicaceae,Malpighiales,Plantae,Populus,47026,True,4344,True,False,
bivax,1,,,,,,,,,,,,,,,bivax,,,,,,,,,False,,False,True,no GBIF or SEAD match at any rank
bitterpilört,1,species (common name),Persicaria,Polygonaceae,Caryophyllales,bitterpilört,Persicaria hydropiper,Plantae,8323622.0,Persicaria hydropiper,SPECIES,EXACT,99.0,https://www.gbif.org/species/8323622,Marshpepper Knotweed,bitterpilört,,carried-over (species_split_taxa_gbif_matches.csv),Persicaria,Polygonaceae,Caryophyllales,Plantae,Persicaria hydropiper,4208,False,3238,False,False,
blandmaterial?,1,,,,,,,,,,,,,,,blandmaterial,,,,,,,,,False,,False,True,no GBIF or SEAD match at any rank; marked uncertain ('?') in the manual mapping
brännässla,1,species (common name),Urtica,Urticaceae,Rosales,brännässla,Urtica dioica ssp dioica var dioica,Plantae,7300700.0,Urtica dioica dioica,VARIETY,EXACT,100.0,https://www.gbif.org/species/7300700,,brännässla,,carried-over (species_split_taxa_gbif_matches.csv),Urtica,Urticaceae,Rosales,Plantae,Urtica dioica ssp dioica var dioica,5540,False,4195,False,False,
cerealia?,1,genus (latin),Cerealia,Cerealia,Cerealia,,,Plantae,6,Plantae,KINGDOM,HIGHERRANK,99,,Plants,sädeskorn,,species/match,,,,Plantae,Cerealia,17995,False,4276,True,True,marked uncertain ('?') in the manual mapping
cf avena sp,1,genus (latin),Avena,Poaceae,Poales,,,Plantae,2705282.0,Avena,GENUS,HIGHERRANK,95.0,https://www.gbif.org/species/2705282,Oat,cf avena sp,,carried-over (species_split_taxa_gbif_matches.csv),Avena,Poaceae,Poales,Plantae,Avena,47063,True,4345,True,False,
cf betula sp,1,genus (latin),Betula,Betulaceae,Fagales,,,Plantae,2875008.0,Betula,GENUS,HIGHERRANK,95.0,https://www.gbif.org/species/2875008,Birch,cf betula sp,,carried-over (species_split_taxa_gbif_matches.csv),Betula,Betulaceae,Fagales,Plantae,Betula,47010,True,4346,True,False,
cf corylus avellana,1,,,,,,,,,,,,,,,cf corylus avellana,,,,,,,,,False,,False,True,no GBIF or SEAD match at any rank
cf cerealia,1,genus (latin),Cerealia,Cerealia,Cerealia,,,Plantae,6.0,Plantae,KINGDOM,HIGHERRANK,99.0,https://www.gbif.org/species/6,Plants,cf cerealia,,carried-over (species_split_taxa_gbif_matches.csv),,,,Plantae,Cerealia,17995,False,4347,True,False,
cf hordeum vulgare,1,,,,,,,,,,,,,,,cf hordeum vulgare,,,,,,,,,False,,False,True,no GBIF or SEAD match at any rank
cf maloideae sp,1,,,,,,,,,,,,,,,cf maloideae sp,,,,,,,,,False,,False,True,no GBIF or SEAD match at any rank
jlvträd?,1,,,,,,,,,,,,,,,jlvträd,,,,,,,,,False,,False,True,no GBIF or SEAD match at any rank; marked uncertain ('?') in the manual mapping
iris,1,genus (latin),Iris,Iridaceae,Asparagales,,,Plantae,2748017.0,Iris,GENUS,EXACT,96.0,https://www.gbif.org/species/2748017,Iris,iris,,carried-over (species_split_taxa_gbif_matches.csv),Iris,Iridaceae,Asparagales,Plantae,Iris,47064,True,4348,True,False,
häst eller nötkreatur,1,,,,,,,,,,,,,,,häst eller nötkreatur,,,,,,,,,False,,False,True,no GBIF or SEAD match at any rank
horn?,1,,,,,,,,,,,,,,,horn,,,,,,,,,False,,False,True,no GBIF or SEAD match at any rank; marked uncertain ('?') in the manual mapping
humle,1,species (common name),Humulus,Cannabaceae,Rosales,humle,Humulus lupulus,Plantae,2984535.0,Humulus lupulus,SPECIES,EXACT,99.0,https://www.gbif.org/species/2984535,Bine,humle,,carried-over (species_split_taxa_gbif_matches.csv),Humulus,Cannabaceae,Rosales,Plantae,Humulus lupulus,1389,False,1120,False,False,
hägg,1,species (common name),Prunus,Rosaceae,Rosales,hägg,Prunus padus ssp padus,Plantae,8006007.0,Prunus padus padus,SUBSPECIES,EXACT,100.0,https://www.gbif.org/species/8006007,,hägg,,carried-over (species_split_taxa_gbif_matches.csv),Prunus,Rosaceae,Rosales,Plantae,Prunus padus ssp padus,4761,False,3634,False,False,
höna,1,animal (common name),Gallus,Phasianidae,Galliformes,höna,Gallus gallus domesticus,Animalia,9457155.0,Gallus gallus domesticus,FORM,EXACT,99.0,https://www.gbif.org/species/9457155,Domestic Chicken,höna,,carried-over (species_split_taxa_gbif_matches.csv),Gallus,Phasianidae,Galliformes,Animalia,Gallus gallus domesticus,47065,True,4349,True,False,
hjortron,1,species (common name),Rubus,Rosaceae,Rosales,hjortron,Rubus chamaemorus,Plantae,2998290.0,Rubus chamaemorus,SPECIES,EXACT,99.0,https://www.gbif.org/species/2998290,Bake-apple,hjortron,,carried-over (species_split_taxa_gbif_matches.csv),Rubus,Rosaceae,Rosales,Plantae,Rubus chamaemorus,4847,False,3692,False,False,
hampa,1,species (common name),Cannabis,Cannabaceae,Rosales,hampa,Cannabis sativa,Plantae,5361880.0,Cannabis sativa,SPECIES,EXACT,100.0,https://www.gbif.org/species/5361880,Grass,hampa,,carried-over (species_split_taxa_gbif_matches.csv),Cannabis,Cannabaceae,Rosales,Plantae,Cannabis sativa,1387,False,1118,False,False,
gåsört,1,species (common name),Argentina,Rosaceae,Rosales,gåsört,Argentina anserina ssp anserina,Plantae,7272211.0,Argentina anserina anserina,SUBSPECIES,EXACT,100.0,https://www.gbif.org/species/7272211,Silverweed Cinquefoil,gåsört,,carried-over (species_split_taxa_gbif_matches.csv),Argentina,Rosaceae,Rosales,Plantae,Argentina anserina ssp anserina,4611,False,3523,False,False,
dicoccum,1,,,,,,,,,,,,,,,dicoccum,,,,,,,,,False,,False,True,no GBIF or SEAD match at any rank
ev. harts (trä),1,,,,,,,,,,,,,,,ev. harts,,,,,,,,,False,,False,True,no GBIF or SEAD match at any rank
fågelbär,1,gbif only (no prior SEAD anchor),Prunus,Rosaceae,Rosales,,,Plantae,160021192,Prunus avium,SPECIES,VERNACULAR,,,Gean Cherry,fågelbär,,species/search (vernacular),Prunus,Rosaceae,Rosales,Plantae,,47027,True,4350,True,True,weak GBIF match (VERNACULAR)
furu,1,,,,,,,,,,,,,,,furu,,,,,,,,,False,,False,True,no GBIF or SEAD match at any rank
ramslök,1,species (common name),Allium,Araliaceae,Apiales,ramslök,Allium ursinum,Plantae,2857601.0,Allium ursinum,SPECIES,EXACT,100.0,https://www.gbif.org/species/2857601,,ramslök,,carried-over (species_split_taxa_gbif_matches.csv),Allium,Amaryllidaceae,Asparagales,Plantae,Allium ursinum,77,False,68,False,False,
revormstörel,1,species (common name),Euphorbia,Euphorbiaceae,Malpighiales,revormstörel,Euphorbia helioscopia,Plantae,3066367.0,Euphorbia helioscopia,SPECIES,EXACT,99.0,https://www.gbif.org/species/3066367,Madwoman's Milk,revormstörel,,carried-over (species_split_taxa_gbif_matches.csv),Euphorbia,Euphorbiaceae,Malpighiales,Plantae,Euphorbia helioscopia,2304,False,1778,False,False,
lid,1,,,,,,,,,,,,,,,lid,,,,,,,,,False,,False,True,no GBIF or SEAD match at any rank
kornhalm,1,,,,,,,,,,,,,,,kornhalm,,,,,,,,,False,,False,True,no GBIF or SEAD match at any rank
lager?,1,,,,,,,,,,,,,,,lager,,,,,,,,,False,,False,True,no GBIF or SEAD match at any rank; marked uncertain ('?') in the manual mapping
kärrsköldpadda,1,animal (common name),Emys,Emydidae,,kärrsköldpadda,Emys orbicularis,Animalia,8909809.0,Emys orbicularis,SPECIES,EXACT,100.0,https://www.gbif.org/species/8909809,European Pond Terrapin,kärrsköldpadda,,carried-over (species_split_taxa_gbif_matches.csv),Emys,Emydidae,,Animalia,Emys orbicularis,47066,True,4351,True,False,
korgblommiga växter,1,gbif only (no prior SEAD anchor),,Asteraceae,Asterales,,,Plantae,294984422,Asteraceae,FAMILY,VERNACULAR,,,Composite,korgblommiga växter,,species/search (vernacular),,Asteraceae,Asterales,Plantae,,47067,True,4352,True,True,weak GBIF match (VERNACULAR)
nypon,1,,,,,,,,,,,,,,,nypon,,,,,,,,,False,,False,True,no GBIF or SEAD match at any rank
palsternacka,1,species (common name),Pastinaca,Apiaceae,Apiales,palsternacka,Pastinaca sativa var sativa,Plantae,7508930.0,Pastinaca sativa sativa,VARIETY,EXACT,100.0,https://www.gbif.org/species/7508930,Wild Parsnip,palsternacka,,carried-over (species_split_taxa_gbif_matches.csv),Pastinaca,Apiaceae,Apiales,Plantae,Pastinaca sativa var sativa,220,False,194,False,False,
poaceae indet,1,genus (latin),Poaceae,Poaceae,Poales,,,Plantae,3073.0,Poaceae,FAMILY,EXACT,96.0,https://www.gbif.org/species/3073,Cereal,poaceae indet,,carried-over (species_split_taxa_gbif_matches.csv),,Poaceae,Poales,Plantae,Poaceae,18009,False,4353,True,False,
ogräs,1,,,,,,,,,,,,,,,ogräs,,,,,,,,,False,,False,True,no GBIF or SEAD match at any rank
lamm,1,animal (common name),Ovis,Bovidae,Artiodactyla,lamm,Ovis aries,Animalia,2441110.0,Ovis aries,SPECIES,EXACT,99.0,https://www.gbif.org/species/2441110,Domestic Sheep,lamm,,carried-over (species_split_taxa_gbif_matches.csv),Ovis,Bovidae,Artiodactyla,Animalia,Ovis aries,47018,True,4354,True,False,
löbträd?,1,,,,,,,,,,,,,,,löbträd,,,,,,,,,False,,False,True,no GBIF or SEAD match at any rank; marked uncertain ('?') in the manual mapping
markvegetation?,1,,,,,,,,,,,,,,,bränd markvegetation,,,,,,,,,False,,False,True,no GBIF or SEAD match at any rank; marked uncertain ('?') in the manual mapping
matrester?,1,,,,,,,,,,,,,,,brända matrester,,,,,,,,,False,,False,True,no GBIF or SEAD match at any rank; marked uncertain ('?') in the manual mapping
mossa,1,,,,,,,,,,,,,,,mossa,,,,,,,,,False,,False,True,no GBIF or SEAD match at any rank
murgröna,1,species (common name),Hedera,Araliaceae,Apiales,murgröna,Hedera helix,Plantae,8351737.0,Hedera helix,SPECIES,EXACT,99.0,https://www.gbif.org/species/8351737,Common Ivy,murgröna,,carried-over (species_split_taxa_gbif_matches.csv),Hedera,Araliaceae,Apiales,Plantae,Hedera helix,276,False,243,False,False,
mört,1,animal (common name),Rutilus,Cyprinidae,Cypriniformes,mört,Rutilus rutilus,Animalia,2359706.0,Rutilus rutilus,SPECIES,EXACT,100.0,https://www.gbif.org/species/2359706,Common Roach,mört,,carried-over (species_split_taxa_gbif_matches.csv),Rutilus,Cyprinidae,Cypriniformes,Animalia,Rutilus rutilus,47068,True,4355,True,False,
räv,1,animal (common name),Vulpes,Canidae,Carnivora,räv,Vulpes vulpes,Animalia,5219243.0,Vulpes vulpes,SPECIES,EXACT,100.0,https://www.gbif.org/species/5219243,American Cross Fox,räv,,carried-over (species_split_taxa_gbif_matches.csv),Vulpes,Canidae,Carnivora,Animalia,Vulpes vulpes,47069,True,4356,True,False,
rosväxt,1,,,,,,,,,,,,,,,rosväxt,,,,,,,,,False,,False,True,no GBIF or SEAD match at any rank
rosoideae,1,,,,,,,,,,,,,,,rosoideae,,,,,,,,,False,,False,True,no GBIF or SEAD match at any rank
syska,1,"genus (suffix, ambiguous)",,,,,,,,,,,,,,syska,"Ballota, Moluccella, Stachys",,,,,,,,False,,False,True,"no GBIF or SEAD match at any rank; ambiguous genus suffix match, candidates: Ballota, Moluccella, Stachys"
stenbär,1,species (common name),Rubus,Rosaceae,Rosales,stenbär,Rubus saxatilis,Plantae,2992808.0,Rubus saxatilis,SPECIES,EXACT,99.0,https://www.gbif.org/species/2992808,Greenland thornless blackberry,stenbär,,carried-over (species_split_taxa_gbif_matches.csv),Rubus,Rosaceae,Rosales,Plantae,Rubus saxatilis,4901,False,3741,False,False,
stamknöl,1,,,,,,,,,,,,,,,stamknöl,,,,,,,,,False,,False,True,no GBIF or SEAD match at any rank
staeefrukter?,1,,,,,,,,,,,,,,,staeefrukter,,,,,,,,,False,,False,True,no GBIF or SEAD match at any rank; marked uncertain ('?') in the manual mapping
stål?,1,,,,,,,,,,,,,,,stål,,,,,,,,,False,,False,True,no GBIF or SEAD match at any rank; marked uncertain ('?') in the manual mapping
småsnärja,1,gbif only (no prior SEAD anchor),Scytosiphon,Scytosiphonaceae,Ectocarpales,,,Chromista,160001692,Scytosiphon lomentaria,SPECIES,VERNACULAR,,,,småsnärja,,species/search (vernacular),Scytosiphon,Scytosiphonaceae,Ectocarpales,Chromista,,47070,True,4357,True,True,weak GBIF match (VERNACULAR)
skräppa,1,genus (suffix-inferred),Rumex,Polygonaceae,Caryophyllales,,,Plantae,2888942.0,Rumex,GENUS,EXACT,96.0,https://www.gbif.org/species/2888942,Dock,skräppa,,carried-over (species_split_taxa_gbif_matches.csv),Rumex,Polygonaceae,Caryophyllales,Plantae,Rumex,47060,True,4358,True,False,
skogsolvon,1,gbif only (no prior SEAD anchor),Viburnum,Viburnaceae,Dipsacales,,,Plantae,160014689,Viburnum opulus,SPECIES,VERNACULAR,,,,skogsolvon,,species/search (vernacular),Viburnum,Viburnaceae,Dipsacales,Plantae,,47071,True,4359,True,True,weak GBIF match (VERNACULAR)
skogskornell,1,species (common name),Cornus,Cornaceae,Cornales,skogskornell,Cornus sanguinea,Plantae,3082234.0,Cornus sanguinea,SPECIES,EXACT,99.0,https://www.gbif.org/species/3082234,Bloodtwig dogwood,skogskornell,,carried-over (species_split_taxa_gbif_matches.csv),Cornus,Cornaceae,Cornales,Plantae,Cornus sanguinea,1822,False,1455,False,False,
sik,1,animal (common name),Coregonus,Salmonidae,Salmoniformes,sik,Coregonus lavaretus,Animalia,2351211.0,Coregonus lavaretus,SPECIES,EXACT,100.0,https://www.gbif.org/species/2351211,Bourget Whitefish,sik,,carried-over (species_split_taxa_gbif_matches.csv),Coregonus,Salmonidae,Salmoniformes,Animalia,Coregonus lavaretus,47072,True,4360,True,False,
smörblomma,1,species (common name),Ranunculus,Ranunculaceae,Ranunculales,smörblomma,Ranunculus acris ssp acris,Plantae,7277719.0,Ranunculus acris acris,SUBSPECIES,EXACT,100.0,https://www.gbif.org/species/7277719,tall buttercup,smörblomma,,carried-over (species_split_taxa_gbif_matches.csv),Ranunculus,Ranunculaceae,Ranunculales,Plantae,Ranunculus acris ssp acris,4481,False,3413,False,False,
spelt,1,gbif only (no prior SEAD anchor),Triticum,Poaceae,Poales,,,Viridiplantae,103045063,Triticum spelta,SPECIES,VERNACULAR,,,,spelt- emmervete,,species/search (vernacular),Triticum,Poaceae,Poales,Viridiplantae,,47019,True,4361,True,True,weak GBIF match (VERNACULAR)
spelvete,1,,,,,,,,,,,,,,,spelvete,,,,,,,,,False,,False,True,no GBIF or SEAD match at any rank
ticka,1,genus (suffix-inferred),Levisticum,Apiaceae,Apiales,,,Plantae,5371771.0,Levisticum,GENUS,EXACT,96.0,https://www.gbif.org/species/5371771,Lovage,ticka,,carried-over (species_split_taxa_gbif_matches.csv),Levisticum,Apiaceae,Apiales,Plantae,Levisticum,47073,True,4362,True,False,
tibast,1,species (common name),Daphne,Thymelaeaceae,Malvales,tibast,Daphne mezereum,Plantae,5420852.0,Daphne mezereum,SPECIES,EXACT,99.0,https://www.gbif.org/species/5420852,February Daphne,tibast,,carried-over (species_split_taxa_gbif_matches.csv),Daphne,Thymelaeaceae,Malvales,Plantae,Daphne mezereum,5489,False,4161,False,False,
tuvull,1,species (common name),Eriophorum,Cyperaceae,Poales,tuvull,Eriophorum vaginatum,Plantae,2730185.0,Eriophorum vaginatum,SPECIES,EXACT,99.0,https://www.gbif.org/species/2730185,Cottongrass,tuvull,,carried-over (species_split_taxa_gbif_matches.csv),Eriophorum,Cyperaceae,Poales,Plantae,Eriophorum vaginatum,2165,False,1664,False,False,
vattenklöver,1,species (common name),Menyanthes,Menyanthaceae,Asterales,vattenklöver,Menyanthes trifoliata,Plantae,5341511.0,Menyanthes trifoliata,SPECIES,EXACT,100.0,https://www.gbif.org/species/5341511,Bog-bean,vattenklöver,,carried-over (species_split_taxa_gbif_matches.csv),Menyanthes,Menyanthaceae,Asterales,Plantae,Menyanthes trifoliata,3183,False,2514,False,False,
torsk,1,animal (common name),Gadus,Gadidae,Gadiformes,torsk,Gadus morhua,Animalia,8084280.0,Gadus morhua,SPECIES,EXACT,100.0,https://www.gbif.org/species/8084280,Atlantic Cod,torsk,,carried-over (species_split_taxa_gbif_matches.csv),Gadus,Gadidae,Gadiformes,Animalia,Gadus morhua,47074,True,4363,True,False,
triticum monococcum,1,,,,,,,,,,,,,,,triticum monococcum,,,,,,,,,False,,False,True,no GBIF or SEAD match at any rank
triticum spelta,1,,,,,,,,,,,,,,,triticum spelta,,,,,,,,,False,,False,True,no GBIF or SEAD match at any rank
triticum vulgare,1,,,,,,,,,,,,,,,triticum vulgare,,,,,,,,,False,,False,True,no GBIF or SEAD match at any rank
vattenstäkra,1,species (common name),Oenanthe,Apiaceae,Apiales,vattenstäkra,Oenanthe aquatica,Plantae,5371888.0,Oenanthe aquatica,SPECIES,EXACT,99.0,https://www.gbif.org/species/5371888,Fine-Leaved Water-Dropwort,vattenstäkra,,carried-over (species_split_taxa_gbif_matches.csv),Oenanthe,Apiaceae,Apiales,Plantae,Oenanthe aquatica,214,False,189,False,False,
vial,1,genus (suffix-inferred),Lathyrus,Fabaceae,Fabales,,,Plantae,10356062.0,Lathyrus,GENUS,EXACT,96.0,https://www.gbif.org/species/10356062,Pea,vial,,carried-over (species_split_taxa_gbif_matches.csv),Lathyrus,Fabaceae,Fabales,Plantae,Lathyrus,47075,True,4364,True,False,
vinväxter,1,gbif only (no prior SEAD anchor),,Vitaceae,Vitales,,,Plantae,160006746,Vitaceae,FAMILY,VERNACULAR,,,,vindruvskärna,,species/search (vernacular),,Vitaceae,Vitales,Plantae,,47076,True,4365,True,True,weak GBIF match (VERNACULAR)
äppelkärna,1,,,,,,,,,,,,,,,äppelkärna,,,,,,,,,False,,False,True,no GBIF or SEAD match at any rank
äpple,1,"genus (suffix, ambiguous)",,,,,,,,,,,,,,äpple,"Punicea, Solanum",,,,,,,,False,,False,True,"no GBIF or SEAD match at any rank; ambiguous genus suffix match, candidates: Punicea, Solanum"
åkerbinda,1,species (common name),Fallopia,Polygonaceae,Caryophyllales,åkerbinda,Fallopia convolvulus,Plantae,6391461.0,Fallopia convolvulus,SPECIES,EXACT,100.0,https://www.gbif.org/species/6391461,Black Bindweed,åkerbinda,,carried-over (species_split_taxa_gbif_matches.csv),Fallopia,Polygonaceae,Caryophyllales,Plantae,Fallopia convolvulus,4196,False,3227,False,False,
åkerkrassling,1,,,,,,,,,,,,,,,åkerkrassling,,,,,,,,,False,,False,True,no GBIF or SEAD match at any rank
åkerpilört,1,species (common name),Persicaria,Polygonaceae,Caryophyllales,åkerpilört,Persicaria maculosa ssp maculosa,Plantae,7291447.0,Persicaria maculosa maculosa,VARIETY,EXACT,96.0,https://www.gbif.org/species/7291447,,åkerpilört,,carried-over (species_split_taxa_gbif_matches.csv),Persicaria,Polygonaceae,Caryophyllales,Plantae,Persicaria maculosa ssp maculosa,4217,False,3242,False,False,
